actor_user_id,target_user_id,static_score,predicted_relevance_score,relevance_score,label,card_click,full_profile_open,dwell_time_ms,saved_profile
11,81,17.5,0.0076363636363636364,0.0,0,0,0,0,0
17,704,35.83,76.90025641025639,79.12,2,1,1,37961,0
17,966,39.17,54.46071428571429,41.0,1,1,1,33787,0
17,520,30.0,16.633636363636363,12.0,0,0,0,0,0
17,396,30.83,16.633636363636363,12.83,0,0,0,0,0
18,956,62.17,92.88549382716049,84.17,2,1,0,0,0
19,463,64.17,99.99915923566878,100.0,3,1,1,60066,0
21,560,54.17,60.96051282051282,36.17,0,1,0,0,0
21,57,43.33,33.733177083333324,25.33,0,1,0,0,0
22,860,48.33,98.80739130434782,54.9,1,1,1,47348,0
22,328,47.5,74.90462962962964,69.5,2,1,0,0,0
22,598,26.67,11.769473684210524,8.67,0,0,0,0,0
23,1008,53.33,80.81643274853802,54.18,1,1,1,30997,0
23,32,35.83,33.0190625,37.08,1,1,1,32142,0
24,291,37.5,18.976907630522078,19.5,0,0,0,0,0
24,161,26.67,9.6915,8.67,0,0,0,0,0
25,842,33.33,79.99333333333331,89.87,2,1,1,41539,1
25,991,36.67,78.37366666666667,70.72,1,1,1,40130,1
26,993,70.83,99.99915923566878,100.0,3,1,1,64201,0
26,617,75.33,99.99915923566878,100.0,3,1,1,63383,1
26,533,54.17,82.2016993464052,66.17,1,1,0,0,1
26,634,49.05,44.21032786885246,71.05,2,0,0,0,0
28,454,55.0,82.2016993464052,67.0,1,0,0,0,1
28,270,32.02,27.70640000000001,29.58,1,1,1,21600,0
29,161,39.83,55.024576271186454,61.83,2,1,0,0,0
30,200,33.33,51.11882352941177,45.33,1,1,0,0,1
31,685,71.17,99.99915923566878,100.0,3,1,1,61962,0
31,482,52.02,67.60333333333332,64.02,1,1,0,0,1
31,857,37.5,18.976907630522078,19.5,0,0,0,0,0
33,555,54.17,98.37586206896552,89.56,1,1,1,43961,1
35,870,55.0,99.99915923566878,100.0,3,1,1,48564,1
36,267,55.83,99.742,100.0,3,1,1,46449,1
37,699,58.33,99.99915923566878,100.0,3,1,1,56722,1
37,815,61.67,99.99915923566878,100.0,3,1,1,58897,1
37,518,21.67,38.13954545454545,33.67,1,0,0,0,1
37,27,35.0,36.47863636363636,17.0,0,0,0,0,0
39,324,37.5,77.50125,42.38,1,1,1,42507,0
39,780,47.33,74.90462962962964,69.33,2,1,0,0,0
39,876,50.0,74.38472222222224,84.0,2,0,0,0,1
39,235,52.5,74.38472222222224,100.0,3,0,0,0,1
39,253,46.19,68.935625,80.19,2,0,0,0,1
40,926,40.0,25.985276381909557,62.0,2,1,0,0,0
42,119,21.67,4.477469879518073,3.67,0,0,0,0,0
45,257,39.17,94.67185185185184,96.7,2,1,1,44368,1
45,304,39.17,65.7075806451613,73.17,2,0,0,0,1
45,502,39.17,38.5212,34.32,0,1,1,14714,0
46,129,43.33,56.649,25.33,0,0,0,0,0
48,860,46.67,83.3628125,100.0,2,1,1,36674,1
48,444,49.17,54.88390410958904,31.17,0,0,0,0,0
49,569,39.17,53.011842105263156,51.17,1,1,0,0,1
50,397,43.33,74.05384615384615,87.24,2,1,1,39748,0
50,335,37.5,63.15041666666667,79.87,2,1,1,35340,0
51,576,64.17,100.0,100.0,2,1,1,45269,1
52,622,63.33,99.99915923566878,100.0,3,1,1,65805,1
52,778,57.86,99.99915923566878,100.0,3,1,1,48137,0
53,624,53.33,82.2016993464052,65.33,1,1,0,0,1
53,290,21.67,4.477469879518073,3.67,0,0,0,0,0
54,357,75.0,99.14892857142857,100.0,3,1,0,0,0
54,795,60.71,82.2016993464052,94.71,2,0,0,0,1
54,778,43.33,68.59018518518518,55.33,1,0,0,0,1
54,96,34.52,53.011842105263156,46.52,1,0,0,0,1
54,968,28.33,9.6915,10.33,0,0,0,0,0
55,802,57.86,98.95521739130434,100.0,3,1,1,42438,1
56,272,38.33,57.928125,72.33,2,1,0,0,1
57,689,60.83,100.0,100.0,3,1,1,39935,1
57,136,53.33,80.81643274853802,75.33,2,0,0,0,0
58,426,71.67,99.99915923566878,100.0,3,1,1,62689,0
59,427,49.17,54.88390410958904,49.54,1,1,1,29637,0
59,197,46.67,33.733177083333324,28.67,0,0,0,0,0
59,965,47.5,33.733177083333324,29.5,0,0,0,0,0
60,534,53.33,98.37586206896552,100.0,2,1,1,44642,1
61,109,49.17,98.37586206896552,100.0,2,1,1,45938,1
61,796,68.17,92.88549382716049,100.0,3,0,0,0,0
61,291,59.17,82.2016993464052,71.17,1,1,0,0,1
61,658,44.17,33.733177083333324,66.17,2,0,0,0,0
61,518,33.33,33.0190625,32.79,1,1,1,27025,0
63,882,41.67,84.56714285714288,75.86,1,1,1,40547,1
63,688,24.52,6.847083333333337,6.52,0,0,0,0,0
64,1020,11.67,0.0076363636363636364,0.0,0,0,0,0,0
65,324,43.33,89.87454545454544,47.89,1,1,1,41586,0
66,938,49.17,98.85,100.0,3,1,1,44494,0
66,885,44.83,56.649,66.83,2,0,0,0,0
67,897,65.0,99.99915923566878,100.0,3,1,1,48989,1
67,497,55.5,80.81643274853802,54.82,1,1,1,26636,0
69,384,50.83,99.63678571428572,100.0,3,1,1,49166,1
69,536,54.17,97.64866666666667,88.42,1,1,1,40725,1
69,1003,31.5,63.71999999999999,64.0,1,1,1,35715,1
70,193,63.33,78.17341463414634,100.0,3,1,0,0,0
71,119,68.33,78.17341463414634,70.81,1,1,1,35644,0
71,986,40.83,25.985276381909557,22.83,0,0,0,0,0
75,581,41.67,25.985276381909557,23.67,0,0,0,0,0
76,148,36.67,90.5205,94.36,2,1,1,44832,1
76,241,38.0,59.12466666666666,50.0,1,1,0,0,1
76,431,27.5,42.84162162162163,39.5,1,0,0,0,1
77,335,50.83,72.826,62.83,1,0,0,0,1
77,200,30.0,16.633636363636363,12.0,0,0,0,0,0
78,56,54.17,80.81643274853802,36.17,0,0,0,0,0
78,922,37.33,78.37366666666667,69.54,1,1,1,34900,1
79,396,27.5,9.6915,9.5,0,1,0,0,0
80,460,56.67,84.35571428571428,88.57,1,1,1,33988,1
81,938,38.33,63.15041666666667,81.45,2,1,1,37493,0
83,845,51.67,99.896,100.0,2,1,1,48231,1
83,705,70.0,92.88549382716049,82.0,1,0,0,0,1
83,529,41.5,54.46071428571429,43.8,1,1,1,35141,0
85,104,36.67,90.5205,92.98,2,1,1,40894,1
85,763,43.33,54.812571428571424,25.33,0,1,0,0,0
86,974,40.0,29.889666666666667,40.17,1,1,1,29047,0
86,881,21.67,4.477469879518073,3.67,0,0,0,0,0
87,440,43.33,33.733177083333324,25.33,0,1,0,0,0
88,938,31.67,13.24,13.67,0,0,0,0,0
88,209,29.17,9.6915,11.17,0,0,0,0,0
90,341,32.83,56.60681818181818,60.43,1,1,1,21714,1
91,565,57.5,99.99915923566878,100.0,3,1,1,52472,0
91,172,39.17,55.024576271186454,38.5,1,1,1,26658,0
92,467,56.67,59.31225806451612,58.72,1,1,1,34415,0
94,786,81.67,99.14892857142857,100.0,3,0,0,0,1
95,825,45.83,45.809861111111104,47.51,1,1,1,33383,0
97,365,56.67,99.99915923566878,100.0,3,1,1,59190,0
97,403,59.17,82.2016993464052,100.0,2,1,1,35626,1
97,561,45.83,62.091904761904765,49.01,1,1,1,37657,0
98,266,70.0,99.6335,100.0,2,1,1,38279,1
98,302,58.33,98.95521739130434,100.0,3,1,1,41349,1
99,859,42.5,57.928125,54.5,1,0,0,0,1
99,27,37.5,18.976907630522078,19.5,0,1,0,0,0
100,186,64.17,99.99915923566878,100.0,3,1,1,47935,0
100,705,23.33,38.13954545454545,35.33,1,0,0,0,1
100,258,31.67,29.551428571428566,32.83,1,1,1,31875,0
100,570,20.83,20.171249999999997,19.25,1,1,1,24061,0
100,837,29.17,11.769473684210524,11.17,0,1,0,0,0
101,780,22.33,4.477469879518073,4.33,0,0,0,0,0
102,153,63.33,99.99915923566878,100.0,2,1,1,48123,0
102,286,43.33,86.40945945945946,100.0,3,1,1,45688,0
104,734,47.86,89.87454545454544,93.03,2,1,1,43351,0
104,231,34.52,68.2207894736842,62.6,1,1,1,23074,1
105,169,54.17,98.85,100.0,3,1,1,43813,0
106,951,39.17,65.7075806451613,73.17,2,0,0,0,1
107,592,53.33,80.81643274853802,75.33,2,1,0,0,0
108,637,54.17,99.99915923566878,100.0,3,1,1,54099,0
108,176,47.5,86.40945945945946,93.15,2,1,1,44710,0
108,177,33.33,35.60416666666667,15.33,0,0,0,0,0
109,73,64.17,99.99915923566878,100.0,3,1,1,48532,0
109,403,49.17,54.88390410958904,91.17,2,1,1,34281,0
110,586,60.5,84.35571428571428,94.5,2,0,0,0,1
111,958,71.67,99.14892857142857,100.0,3,0,0,0,0
112,17,60.0,99.99915923566878,100.0,3,1,1,54317,1
112,145,48.21,72.826,82.21,2,0,0,0,1
113,352,36.67,18.976907630522078,18.67,0,1,0,0,0
114,739,53.33,82.2016993464052,87.33,2,0,0,0,1
114,254,37.5,38.5212,36.89,1,1,1,26823,0
114,649,27.5,9.6915,9.5,0,1,0,0,0
115,712,16.5,0.0076363636363636364,0.0,0,0,0,0,0
116,219,61.5,99.99915923566878,100.0,3,1,1,63835,0
117,276,50.83,44.21032786885246,50.54,1,1,1,27730,0
117,736,18.33,1.0724444444444443,0.33,0,1,0,0,0
117,13,17.5,0.0076363636363636364,0.0,0,0,0,0,0
118,193,52.5,99.99915923566878,100.0,3,1,1,50365,1
118,913,30.0,16.633636363636363,12.0,0,0,0,0,0
119,570,35.67,79.99333333333331,70.56,1,1,1,42539,1
119,693,44.17,68.935625,56.17,1,1,0,0,1
120,975,47.5,92.56652173913042,100.0,2,1,1,36973,1
120,348,60.0,80.81643274853802,82.0,2,0,0,0,0
120,897,37.5,29.889666666666667,19.5,0,1,0,0,0
121,391,39.17,72.48956521739129,92.81,2,1,1,33259,1
121,379,54.17,60.96051282051282,76.17,2,1,0,0,0
121,604,46.67,33.733177083333324,28.67,0,0,0,0,0
121,507,38.33,25.985276381909557,20.33,0,0,0,0,0
122,133,64.17,100.0,100.0,3,1,1,46375,0
123,372,60.83,93.91225,67.09,1,1,1,46462,0
124,695,38.33,76.90025641025639,82.17,2,1,1,39549,0
126,119,58.33,59.31225806451612,59.67,1,1,1,32402,0
127,891,65.0,92.88549382716049,87.0,2,1,0,0,0
129,183,57.5,94.94874999999999,91.5,2,0,0,0,1
129,775,37.5,94.92777777777776,84.58,2,1,1,48797,0
129,273,53.33,80.81643274853802,100.0,3,0,0,0,0
130,254,49.17,99.36695652173913,83.36,1,1,1,40544,1
130,276,47.33,33.733177083333324,29.33,0,0,0,0,0
131,234,61.67,92.88549382716049,95.67,2,0,0,0,1
132,760,44.17,33.733177083333324,66.17,2,1,0,0,0
133,423,47.38,33.733177083333324,29.38,0,0,0,0,0
133,886,36.19,18.976907630522078,18.19,0,1,0,0,0
134,312,49.17,98.85,100.0,3,1,1,45802,0
134,56,32.5,70.01521739130435,64.15,1,1,1,33295,1
135,417,78.33,99.99915923566878,100.0,3,1,1,48501,0
135,658,43.17,86.40945945945946,89.54,2,1,1,46759,0
136,470,72.5,99.99915923566878,100.0,3,1,1,58000,1
136,402,58.17,99.99915923566878,100.0,3,1,1,55996,0
136,788,53.33,60.96051282051282,35.33,0,0,0,0,0
136,772,47.33,33.733177083333324,69.33,2,0,0,0,0
137,433,84.17,99.99915923566878,100.0,3,1,1,52514,0
137,763,52.5,91.30000000000001,96.66,2,1,1,40455,0
137,997,45.0,68.59018518518518,100.0,3,1,0,0,1
140,325,88.33,99.99915923566878,100.0,3,1,1,62556,0
141,631,54.17,97.64866666666667,100.0,3,1,1,41142,1
141,745,50.0,89.87454545454544,54.85,1,1,1,42418,0
141,160,42.5,77.50125,88.23,2,1,1,44950,0
142,570,41.67,94.67185185185184,100.0,3,1,1,46097,1
142,701,66.33,92.88549382716049,100.0,3,1,0,0,0
142,295,35.0,29.889666666666667,35.27,1,1,1,29347,0
143,37,74.17,99.99915923566878,100.0,3,1,1,47595,1
143,924,78.33,99.14892857142857,100.0,2,1,0,0,0
143,520,59.17,82.2016993464052,71.17,1,1,0,0,1
144,352,46.67,68.59018518518518,80.67,2,0,0,0,1
144,885,24.17,38.13954545454545,36.17,1,0,0,0,1
144,212,21.67,4.477469879518073,3.67,0,0,0,0,0
145,657,55.0,80.81643274853802,77.0,2,1,0,0,0
145,654,39.17,57.928125,73.17,2,0,0,0,1
146,445,28.33,9.6915,10.33,0,0,0,0,0
147,915,49.17,86.59043478260871,93.59,2,1,1,41204,0
147,554,44.52,68.935625,56.52,1,0,0,0,1
148,79,49.17,84.05257142857143,71.17,2,1,0,0,0
148,956,49.17,74.38472222222224,61.17,1,0,0,0,1
148,537,33.33,51.135666666666665,45.33,1,0,0,0,1
148,242,30.0,51.11882352941177,64.0,2,1,0,0,1
148,653,32.5,16.633636363636363,14.5,0,1,0,0,0
149,128,66.33,93.91225,100.0,3,1,1,46084,0
149,397,46.5,45.809861111111104,47.56,1,1,1,31593,0
149,628,41.67,38.5212,42.35,1,1,1,30523,0
150,696,57.0,80.81643274853802,39.0,0,1,0,0,0
150,822,52.5,40.60371428571428,34.5,0,0,0,0,0
150,505,33.33,33.0190625,23.85,0,1,1,1500,0
151,469,50.83,96.72952380952381,97.05,2,1,1,46350,0
152,466,58.33,99.99915923566878,100.0,3,1,1,49754,0
152,904,54.17,93.91225,100.0,2,1,1,45874,0
152,960,58.33,80.81643274853802,80.33,2,1,0,0,0
152,730,37.5,59.12466666666666,71.5,2,0,0,0,1
153,820,57.5,97.48826086956524,100.0,2,1,1,37135,1
153,829,49.17,86.59043478260871,93.15,2,1,1,39946,0
153,636,34.17,36.47863636363636,32.57,1,1,1,24011,0
154,696,62.5,78.17341463414634,96.5,2,1,0,0,1
155,524,59.17,99.99915923566878,100.0,3,1,1,52854,1
155,163,32.5,39.34749999999999,34.39,1,1,1,33971,0
156,742,42.5,94.67185185185184,99.93,2,1,1,44081,1
156,469,47.33,74.05384615384615,90.98,2,1,1,38990,0
159,527,37.86,55.024576271186454,19.86,0,0,0,0,0
160,591,47.33,45.809861111111104,49.47,1,1,1,34690,0
160,655,37.5,18.976907630522078,19.5,0,0,0,0,0
160,53,25.83,6.847083333333337,7.83,0,1,0,0,0
161,822,43.17,68.59018518518518,77.17,2,0,0,0,1
161,882,34.17,59.12466666666666,68.17,2,1,0,0,1
161,430,47.33,54.812571428571424,100.0,3,0,0,0,0
161,771,28.33,42.84162162162163,62.33,2,0,0,0,1
162,692,48.33,100.0,100.0,3,1,1,54539,0
162,156,39.17,63.35999999999999,21.17,0,0,0,0,0
162,1010,43.33,54.812571428571424,95.33,3,1,0,0,0
162,480,27.5,9.6915,9.5,0,0,0,0,0
163,640,47.83,40.60371428571428,49.1,1,1,1,32194,0
164,408,53.33,99.99915923566878,100.0,3,1,1,52615,0
165,989,65.83,99.99915923566878,100.0,3,1,1,56330,0
165,929,58.33,80.81643274853802,59.18,1,1,1,31000,0
166,185,50.0,54.88390410958904,32.0,0,0,0,0,0
166,884,32.5,16.633636363636363,14.5,0,0,0,0,0
167,420,72.5,83.328,94.5,2,0,0,0,0
167,721,24.17,6.847083333333337,6.17,0,0,0,0,0
169,255,44.17,90.46851851851852,100.0,3,1,1,43245,1
170,322,37.5,59.12466666666666,71.5,2,1,0,0,1
170,192,38.33,55.024576271186454,60.33,2,0,0,0,0
170,272,35.0,36.47863636363636,17.0,0,0,0,0,0
171,704,25.83,6.847083333333337,7.83,0,0,0,0,0
172,74,48.33,99.742,100.0,2,1,1,45559,1
172,262,49.17,99.63678571428572,97.01,2,1,1,50975,0
172,407,27.5,42.84162162162163,39.5,1,0,0,0,1
172,619,31.5,16.633636363636363,13.5,0,0,0,0,0
173,201,62.5,83.328,96.5,2,0,0,0,1
173,970,54.67,82.2016993464052,88.67,2,1,0,0,1
173,860,40.36,57.928125,52.36,1,0,0,0,1
173,938,37.5,57.928125,71.5,2,0,0,0,1
173,47,49.67,54.88390410958904,47.04,1,1,1,21069,0
173,858,33.69,51.11882352941177,45.69,1,1,0,0,1
173,355,37.5,18.976907630522078,19.5,0,0,0,0,0
175,352,63.83,99.99915923566878,100.0,3,1,1,62664,0
175,676,71.67,99.99915923566878,100.0,3,1,1,63085,0
175,713,45.0,94.19607142857141,100.0,3,1,1,41281,0
175,145,32.5,51.11882352941177,44.5,1,1,0,0,1
176,28,57.02,99.99915923566878,100.0,3,1,1,47570,1
177,915,61.67,92.88549382716049,95.67,2,0,0,0,1
177,370,43.33,33.733177083333324,25.33,0,1,0,0,0
177,795,35.0,18.976907630522078,17.0,0,0,0,0,0
178,635,51.67,99.742,87.04,1,1,1,43906,1
178,657,64.17,92.88549382716049,86.17,2,1,0,0,0
179,944,67.33,99.74545454545455,100.0,2,1,1,47478,0
179,500,43.33,77.09447368421054,72.74,1,1,1,26884,1
179,526,46.67,45.809861111111104,44.23,1,1,1,21601,0
180,1001,70.0,99.99915923566878,100.0,3,1,1,58576,0
180,968,42.02,50.092571428571404,43.23,1,1,1,32017,0
181,702,85.0,99.99915923566878,100.0,3,1,1,68161,0
181,718,58.33,99.99915923566878,100.0,2,1,1,48635,1
181,319,52.5,84.05257142857143,100.0,3,1,0,0,0
182,849,49.17,99.36695652173913,100.0,3,1,1,40769,1
183,791,47.5,45.809861111111104,49.23,1,1,1,33508,0
183,20,10.0,0.0076363636363636364,0.0,0,0,0,0,0
184,855,54.17,82.2016993464052,100.0,3,1,0,0,1
184,350,69.17,78.17341463414634,81.17,1,0,0,0,1
184,378,21.67,4.477469879518073,3.67,0,0,0,0,0
185,811,17.5,20.171249999999997,15.29,1,1,1,22249,0
186,251,64.17,99.99915923566878,100.0,3,1,1,52243,1
186,38,58.33,94.94874999999999,100.0,2,1,1,35165,1
186,476,40.83,50.092571428571404,42.13,1,1,1,32294,0
189,752,55.67,99.99915923566878,100.0,3,1,1,58588,0
190,472,57.86,100.0,100.0,3,1,1,46743,0
190,439,54.17,98.37586206896552,89.82,1,1,1,44726,1
190,966,30.0,63.71999999999999,61.6,1,1,1,33150,1
190,587,39.17,55.024576271186454,61.17,2,1,0,0,0
191,803,48.17,54.88390410958904,70.17,2,0,0,0,0
193,576,56.67,84.35571428571428,78.67,2,1,0,0,0
193,619,35.67,52.8584,79.01,2,1,1,38128,0
193,876,34.52,36.47863636363636,16.52,0,1,0,0,0
193,503,30.0,16.633636363636363,12.0,0,0,0,0,0
194,245,48.17,96.72952380952381,94.46,2,1,1,46533,0
194,843,36.67,78.37366666666667,68.96,1,1,1,35127,1
194,394,48.33,74.90462962962964,100.0,3,0,0,0,0
196,587,69.17,99.99915923566878,100.0,3,1,1,48914,0
196,548,61.33,99.99915923566878,100.0,3,1,1,56568,0
197,330,27.02,9.6915,9.02,0,1,0,0,0
197,802,27.02,9.6915,9.02,0,0,0,0,0
197,100,27.5,9.6915,9.5,0,0,0,0,0
198,256,41.5,25.985276381909557,23.5,0,1,0,0,0
199,652,49.17,99.63678571428572,100.0,2,1,1,48655,1
200,284,48.33,54.88390410958904,30.33,0,0,0,0,0
201,883,32.5,46.19681818181819,44.5,1,0,0,0,1
201,179,21.67,4.477469879518073,3.67,0,1,0,0,0
202,81,33.33,27.964615384615392,31.8,1,1,1,24188,0
202,156,27.5,9.6915,9.5,0,0,0,0,0
203,50,46.67,84.05257142857143,68.67,2,0,0,0,0
203,1002,57.5,59.31225806451612,100.0,2,1,1,35709,0
203,138,45.0,56.649,67.0,2,0,0,0,0
203,391,42.5,50.092571428571404,42.88,1,1,1,29667,0
204,86,43.17,75.64000000000001,100.0,3,1,0,0,1
204,19,37.5,55.024576271186454,19.5,0,1,0,0,0
206,537,52.33,99.99915923566878,100.0,3,1,1,51158,0
207,282,70.0,99.99915923566878,100.0,3,1,1,52754,1
207,514,72.5,99.99915923566878,100.0,3,1,1,61348,0
207,365,48.33,98.37586206896552,100.0,2,1,1,44975,1
207,834,45.0,56.649,67.0,2,0,0,0,0
208,828,42.17,68.2207894736842,71.76,1,1,1,27394,1
208,117,24.17,38.13954545454545,36.17,1,0,0,0,1
209,120,43.33,68.935625,77.33,2,1,0,0,1
210,356,78.33,99.99915923566878,100.0,3,1,1,55870,1
211,520,45.0,97.89433333333334,100.0,3,1,1,51261,0
212,222,51.33,85.02141025641026,63.33,1,1,0,0,1
212,598,57.5,82.2016993464052,91.5,2,1,0,0,1
212,904,53.33,80.81643274853802,55.87,1,1,1,35821,0
212,916,36.67,18.976907630522078,18.67,0,1,0,0,0
213,926,75.0,99.99915923566878,100.0,3,1,1,56878,1
213,591,62.5,92.88549382716049,44.5,0,1,0,0,0
213,621,60.0,82.2016993464052,94.0,2,1,0,0,1
213,78,44.52,61.362022471910095,78.52,2,0,0,0,1
213,482,42.17,25.985276381909557,24.17,0,1,0,0,0
214,733,63.33,92.88549382716049,100.0,3,1,0,0,1
214,139,42.5,68.2207894736842,72.72,1,1,1,29189,1
215,578,40.0,25.985276381909557,22.0,0,0,0,0,0
218,924,42.5,94.67185185185184,100.0,3,1,1,45532,1
218,35,25.67,20.171249999999997,21.96,0,1,1,17976,0
219,110,51.67,97.64866666666667,86.2,1,1,1,41523,1
220,699,38.17,51.81103448275863,50.17,1,0,0,0,1
221,289,46.5,86.40945945945946,52.6,1,1,1,45991,0
222,449,59.5,99.99915923566878,100.0,3,1,1,55141,1
223,175,66.33,93.39131147540984,100.0,3,1,1,42852,0
223,698,21.67,4.477469879518073,3.67,0,0,0,0,0
225,343,55.83,82.2016993464052,85.28,1,1,1,27009,1
226,665,64.17,99.99915923566878,100.0,3,1,1,51189,1
226,786,59.17,93.39131147540984,100.0,2,1,1,41321,0
226,655,49.17,85.02141025641026,83.17,2,1,0,0,1
227,159,42.5,94.67185185185184,77.05,1,1,1,41581,1
228,979,64.88,92.88549382716049,100.0,3,1,0,0,0
228,954,61.33,82.2016993464052,95.33,2,1,0,0,1
229,408,34.52,52.8584,36.2,1,1,1,33385,0
230,871,35.0,19.45357142857143,17.0,0,0,0,0,0
231,69,35.83,18.976907630522078,17.83,0,0,0,0,0
233,537,44.17,56.649,96.17,3,0,0,0,0
234,426,41.67,25.985276381909557,63.67,2,0,0,0,0
235,985,73.33,99.99915923566878,100.0,3,1,1,67402,0
236,477,62.5,99.99915923566878,100.0,3,1,1,54695,1
236,783,47.5,61.362022471910095,59.5,1,1,0,0,1
237,421,43.33,45.809861111111104,42.25,1,1,1,25495,0
238,285,65.0,99.99915923566878,100.0,3,1,1,57787,1
238,135,51.5,99.36695652173913,100.0,3,1,1,43247,1
238,330,47.33,96.85777777777778,100.0,3,1,1,46090,1
238,441,43.33,66.85499999999999,25.33,0,1,0,0,0
239,181,45.0,68.935625,57.0,1,0,0,0,1
239,11,29.17,39.34749999999999,33.15,1,1,1,39945,0
241,474,45.0,45.809861111111104,46.8,1,1,1,33701,0
242,518,47.5,54.812571428571424,69.5,2,0,0,0,0
242,970,24.17,6.847083333333337,6.17,0,0,0,0,0
243,70,69.17,99.99915923566878,100.0,3,1,1,48294,0
243,77,42.02,84.37310344827587,87.9,2,1,1,45383,0
243,149,46.19,33.733177083333324,28.19,0,1,0,0,0
245,993,40.36,99.19666666666667,100.0,3,1,1,47035,1
245,430,53.17,97.64866666666667,100.0,2,1,1,41375,1
245,321,30.0,61.630833333333335,35.16,1,1,1,43301,0
246,675,33.33,51.11882352941177,63.51,1,1,1,29086,1
246,381,33.33,18.976907630522078,15.33,0,1,0,0,0
246,226,33.33,18.976907630522078,15.33,0,1,0,0,0
248,711,66.0,99.99915923566878,100.0,3,1,1,52812,1
248,666,15.83,0.0076363636363636364,0.0,0,0,0,0,0
249,565,33.33,27.964615384615392,15.33,0,1,0,0,0
250,649,53.83,84.35571428571428,53.85,1,1,1,28615,0
251,810,48.17,54.88390410958904,100.0,3,1,0,0,0
252,187,34.0,36.47863636363636,34.08,1,1,1,28804,0
253,439,68.21,84.35571428571428,100.0,3,1,0,0,0
253,735,33.33,79.99333333333331,67.93,1,1,1,41721,1
253,36,39.17,65.7075806451613,51.17,1,0,0,0,1
253,917,41.5,63.35999999999999,23.5,0,1,0,0,0
253,854,49.17,54.88390410958904,31.17,0,0,0,0,0
255,185,43.33,61.362022471910095,55.33,1,1,0,0,1
256,206,63.17,92.88549382716049,75.17,1,0,0,0,1
256,516,48.33,74.38472222222224,60.33,1,0,0,0,1
257,676,62.5,92.88549382716049,96.5,2,0,0,0,1
257,84,59.17,80.81643274853802,57.84,1,1,1,24763,0
258,267,31.67,13.24,13.67,0,0,0,0,0
259,854,66.19,92.88549382716049,88.19,2,1,0,0,0
259,407,59.17,80.81643274853802,81.17,2,0,0,0,0
261,132,47.5,68.59018518518518,81.5,2,0,0,0,1
261,810,31.5,63.71999999999999,64.28,1,1,1,36525,1
261,999,36.5,51.81103448275863,48.5,1,0,0,0,1
261,554,32.5,27.70640000000001,29.19,1,1,1,19125,0
261,706,30.83,13.24,12.83,0,0,0,0,0
263,809,45.5,45.809861111111104,46.03,1,1,1,30098,0
264,215,43.33,36.20358974358974,25.33,0,1,0,0,0
265,279,57.33,80.81643274853802,100.0,3,1,0,0,0
267,321,40.0,55.024576271186454,62.0,2,0,0,0,0
267,932,27.5,39.34749999999999,29.25,1,1,1,33584,0
268,952,49.17,84.05257142857143,71.17,2,0,0,0,0
269,851,61.33,99.99915923566878,100.0,3,1,1,49120,1
269,821,42.5,78.37366666666667,100.0,3,1,1,39003,1
270,135,76.67,99.99915923566878,100.0,3,1,1,66354,0
270,729,50.0,92.56652173913042,100.0,2,1,1,36695,1
270,239,38.69,76.90025641025639,82.77,2,1,1,40238,0
270,620,18.33,1.0724444444444443,0.33,0,0,0,0,0
271,106,88.33,99.14892857142857,100.0,3,0,0,0,1
271,675,68.5,47.43179487179487,50.5,0,0,0,0,0
272,855,75.0,99.14892857142857,100.0,3,1,0,0,1
272,683,38.33,57.928125,50.33,1,0,0,0,1
273,565,33.33,70.01521739130435,65.4,1,1,1,34495,1
273,123,31.67,39.34749999999999,75.91,2,1,1,40675,0
273,316,50.83,36.20358974358974,32.83,0,0,0,0,0
274,1014,90.0,99.99915923566878,100.0,3,1,1,63589,1
274,685,38.33,38.5212,38.27,1,1,1,28391,0
275,379,36.67,68.2207894736842,66.86,1,1,1,29128,1
276,584,37.5,53.011842105263156,49.5,1,1,0,0,1
277,696,83.33,99.99915923566878,100.0,3,1,1,55467,1
277,292,57.5,82.2016993464052,69.5,1,1,0,0,1
278,39,40.36,54.46071428571429,43.05,1,1,1,36249,0
279,642,38.33,68.2207894736842,69.51,1,1,1,31930,1
279,476,42.5,38.5212,39.31,1,1,1,19452,0
279,288,43.33,33.733177083333324,25.33,0,1,0,0,0
279,536,27.5,9.6915,9.5,0,1,0,0,0
280,513,54.05,99.99915923566878,100.0,3,1,1,48796,1
280,137,48.33,72.826,79.52,1,1,1,31985,1
281,251,31.67,16.633636363636363,13.67,0,1,0,0,0
283,561,71.67,99.99915923566878,100.0,3,1,1,68171,0
284,406,60.0,97.48826086956524,93.07,1,1,1,37339,1
284,878,48.21,74.90462962962964,70.21,2,0,0,0,0
284,954,51.5,36.20358974358974,33.5,0,0,0,0,0
284,13,23.33,4.477469879518073,5.33,0,0,0,0,0
286,422,54.17,80.81643274853802,76.17,2,0,0,0,0
286,570,37.5,18.976907630522078,59.5,2,0,0,0,0
287,90,27.5,9.6915,9.5,0,0,0,0,0
288,726,43.33,33.733177083333324,25.33,0,0,0,0,0
289,738,47.5,94.19607142857141,52.69,1,1,1,43390,0
291,753,53.33,93.17649999999999,100.0,2,1,1,37192,1
291,1017,29.17,63.71999999999999,62.03,1,1,1,36754,1
292,174,75.0,99.99915923566878,100.0,3,1,1,55049,0
292,916,52.5,74.38472222222224,100.0,3,0,0,0,1
292,280,37.5,18.976907630522078,19.5,0,1,0,0,0
293,698,61.33,99.99915923566878,100.0,3,1,1,59556,1
293,399,39.17,55.024576271186454,21.17,0,1,0,0,0
295,183,73.33,100.0,100.0,3,1,1,44378,1
295,785,62.5,84.78863636363634,74.5,1,1,0,0,1
295,837,43.83,33.733177083333324,95.83,3,1,0,0,0
296,453,78.33,99.99915923566878,100.0,3,1,1,58355,0
296,89,53.33,88.67043478260868,65.33,1,1,0,0,1
296,157,49.17,54.88390410958904,31.17,0,0,0,0,0
297,840,60.0,98.95521739130434,100.0,3,1,1,42269,1
297,635,45.0,83.3628125,100.0,2,1,1,38715,1
297,670,43.33,33.733177083333324,25.33,0,1,0,0,0
299,813,68.17,92.88549382716049,100.0,3,0,0,0,1
300,253,68.33,99.99915923566878,100.0,3,1,1,50401,0
300,34,50.36,85.02141025641026,82.39,1,1,1,34371,1
300,148,43.33,68.935625,77.33,2,0,0,0,1
301,375,32.5,16.633636363636363,14.5,0,0,0,0,0
302,738,60.0,94.94874999999999,100.0,3,1,0,0,1
303,420,60.0,97.48826086956524,100.0,2,1,1,38542,1
303,359,33.33,52.8584,35.51,1,1,1,34786,0
303,510,33.33,35.60416666666667,34.19,1,1,1,31031,0
304,722,43.33,45.809861111111104,43.49,1,1,1,29027,0
304,165,45.83,33.733177083333324,27.83,0,1,0,0,0
304,278,34.52,18.976907630522078,16.52,0,0,0,0,0
305,431,25.67,20.171249999999997,26.56,1,1,1,31113,0
306,325,37.5,84.56714285714288,93.17,2,1,1,39064,1
308,578,33.33,18.976907630522078,15.33,0,0,0,0,0
309,890,58.33,99.99915923566878,100.0,3,1,1,52392,1
309,570,21.67,38.13954545454545,33.67,1,0,0,0,1
310,596,61.67,99.99915923566878,100.0,3,1,1,50138,1
310,307,53.33,60.96051282051282,35.33,0,1,0,0,0
310,689,47.5,33.733177083333324,69.5,2,0,0,0,0
311,606,42.5,63.35999999999999,94.5,3,1,0,0,0
312,949,53.33,99.742,88.75,1,1,1,44059,1
313,586,72.5,99.14892857142857,100.0,3,0,0,0,0
313,541,72.5,99.14892857142857,100.0,3,1,0,0,0
313,153,59.17,80.81643274853802,81.17,2,1,0,0,0
315,191,37.5,59.12466666666666,49.5,1,0,0,0,1
316,177,41.67,94.67185185185184,100.0,3,1,1,45648,1
317,855,40.0,68.2207894736842,69.15,1,1,1,26140,1
318,150,52.5,99.742,100.0,3,1,1,45206,1
320,654,34.0,52.8584,36.92,1,1,1,36914,0
320,272,31.5,16.633636363636363,53.5,2,0,0,0,0
321,629,62.5,99.99915923566878,100.0,3,1,1,53506,1
321,895,49.17,98.80739130434782,95.82,2,1,1,47559,0
321,977,43.33,90.46851851851852,100.0,3,1,1,41688,1
322,128,31.67,51.11882352941177,43.67,1,1,0,0,1
324,128,53.33,99.99915923566878,100.0,3,1,1,53932,0
324,413,42.33,84.37310344827587,100.0,3,1,1,43510,0
324,662,35.83,18.976907630522078,17.83,0,0,0,0,0
324,46,33.33,18.976907630522078,15.33,0,0,0,0,0
325,191,49.17,98.85,100.0,3,1,1,46834,0
325,645,48.33,92.56652173913042,100.0,2,1,1,39271,1
325,604,54.17,80.81643274853802,76.17,2,1,0,0,0
325,103,57.5,59.31225806451612,79.5,2,0,0,0,0
325,705,40.83,50.092571428571404,62.83,2,1,0,0,0
326,137,63.33,99.6335,100.0,2,1,1,36997,1
326,980,69.17,92.88549382716049,100.0,3,0,0,0,0
326,836,47.33,45.809861111111104,44.27,1,1,1,19840,0
326,680,33.33,18.976907630522078,15.33,0,0,0,0,0
327,915,52.5,99.99915923566878,100.0,3,1,1,49828,1
327,409,39.17,65.7075806451613,51.17,1,1,0,0,1
327,484,25.0,20.171249999999997,24.72,1,1,1,27777,0
327,595,27.5,9.6915,9.5,0,0,0,0,0
327,844,21.67,4.477469879518073,3.67,0,1,0,0,0
328,143,42.5,25.985276381909557,64.5,2,1,0,0,0
329,850,44.67,97.89433333333334,92.03,2,1,1,49591,0
330,50,36.67,18.976907630522078,18.67,0,1,0,0,0
331,154,33.33,18.976907630522078,15.33,0,0,0,0,0
332,260,43.33,99.36695652173913,100.0,3,1,1,42722,1
332,176,54.17,98.37586206896552,100.0,2,1,1,44507,1
332,434,54.17,88.67043478260868,88.17,2,1,0,0,1
333,189,35.0,84.55153846153846,81.74,2,1,1,47825,0
333,47,44.17,74.05384615384615,88.02,2,1,1,39567,0
333,753,31.67,39.34749999999999,33.0,1,1,1,32363,0
334,873,56.67,47.43179487179487,53.31,1,1,1,18981,0
334,987,21.67,20.171249999999997,14.12,0,1,1,6990,0
335,276,60.83,99.99915923566878,100.0,3,1,1,54177,0
335,823,93.33,99.99915923566878,100.0,3,1,1,55646,1
338,755,50.0,92.56652173913042,100.0,2,1,1,38306,1
339,328,41.5,57.928125,53.5,1,0,0,0,1
339,988,43.33,33.733177083333324,25.33,0,1,0,0,0
339,562,42.5,25.985276381909557,24.5,0,0,0,0,0
339,771,27.5,24.906956521739136,25.84,1,1,1,23841,0
340,461,43.33,61.362022471910095,55.33,1,0,0,0,1
340,349,42.5,25.985276381909557,24.5,0,1,0,0,0
342,202,30.83,56.60681818181818,42.83,1,1,0,0,1
343,996,34.52,59.12466666666666,46.52,1,0,0,0,1
344,101,48.0,54.88390410958904,100.0,3,1,0,0,0
344,423,38.33,51.81103448275863,50.33,1,0,0,0,1
345,232,41.5,51.81103448275863,53.5,1,1,0,0,1
345,320,24.17,6.847083333333337,6.17,0,0,0,0,0
346,547,27.5,29.422500000000007,27.16,1,1,1,27593,0
347,314,39.17,25.985276381909557,21.17,0,1,0,0,0
347,158,27.5,9.6915,9.5,0,0,0,0,0
348,391,60.0,100.0,100.0,2,1,1,46048,1
348,591,63.17,99.99915923566878,100.0,3,1,1,48783,0
348,818,47.33,84.05257142857143,69.33,2,0,0,0,0
348,202,37.5,77.50125,100.0,3,1,1,44846,0
348,631,51.5,77.05499999999998,100.0,2,1,1,35633,1
348,951,52.5,74.90462962962964,100.0,3,0,0,0,0
351,402,58.83,98.78823529411764,63.2,1,1,1,41055,0
351,473,46.67,83.3628125,80.13,1,1,1,38460,1
351,105,36.67,18.976907630522078,18.67,0,1,0,0,0
352,309,38.33,63.15041666666667,81.02,2,1,1,36266,0
354,561,48.33,99.742,100.0,3,1,1,46235,1
354,963,50.83,98.80739130434782,100.0,3,1,1,48088,0
354,57,42.5,65.7075806451613,54.5,1,0,0,0,1
354,301,33.33,56.60681818181818,63.84,1,1,1,30027,1
356,622,63.0,99.99915923566878,100.0,3,1,1,55033,1
356,325,63.17,99.99915923566878,100.0,3,1,1,53974,1
357,662,49.67,54.88390410958904,50.63,1,1,1,31317,0
357,46,27.5,9.6915,9.5,0,0,0,0,0
358,950,73.33,99.99915923566878,100.0,3,1,1,51608,0
358,614,46.67,74.90462962962964,68.67,2,0,0,0,0
358,842,48.33,54.88390410958904,100.0,3,0,0,0,0
359,1003,37.5,99.19666666666667,96.27,2,1,1,47908,1
361,465,39.17,51.81103448275863,51.17,1,0,0,0,1
362,985,35.83,72.48956521739129,89.7,2,1,1,33928,1
362,444,35.36,59.12466666666666,47.36,1,0,0,0,1
363,123,59.17,80.81643274853802,81.17,2,0,0,0,0
364,365,43.33,33.733177083333324,65.33,2,0,0,0,0
365,918,53.33,80.81643274853802,75.33,2,1,0,0,0
367,449,57.5,99.99915923566878,100.0,3,1,1,48379,0
367,432,27.5,63.71999999999999,61.5,1,1,1,39993,1
367,166,35.83,61.630833333333335,81.01,2,1,1,43362,0
367,476,27.5,11.769473684210524,9.5,0,0,0,0,0
368,350,57.5,47.43179487179487,39.5,0,0,0,0,0
368,757,32.5,27.70640000000001,29.25,1,1,1,19286,0
369,981,60.83,99.99915923566878,100.0,3,1,1,48592,1
369,288,47.5,74.05384615384615,51.42,1,1,1,39777,0
370,316,57.33,82.2016993464052,88.27,1,1,1,31264,1
370,131,49.17,54.88390410958904,48.74,1,1,1,27351,0
371,148,69.17,92.88549382716049,100.0,3,0,0,0,1
371,742,49.17,44.21032786885246,31.17,0,1,0,0,0
372,760,52.33,84.05257142857143,100.0,3,1,0,0,0
372,547,33.33,51.135666666666665,45.33,1,0,0,0,1
373,469,37.5,94.92777777777776,85.29,2,1,1,50827,0
373,108,36.67,59.12466666666666,100.0,3,1,0,0,1
373,140,37.5,59.12466666666666,100.0,3,0,0,0,1
373,154,31.67,16.633636363636363,13.67,0,0,0,0,0
375,48,45.0,68.59018518518518,57.0,1,0,0,0,1
376,80,58.5,99.99915923566878,100.0,3,1,1,55356,0
378,49,43.21,33.733177083333324,25.21,0,1,0,0,0
379,558,63.17,92.88549382716049,100.0,2,1,1,35314,0
379,979,42.5,53.011842105263156,54.5,1,0,0,0,1
379,224,37.5,18.976907630522078,19.5,0,0,0,0,0
380,911,76.67,99.99915923566878,100.0,3,1,1,49378,0
381,353,50.0,40.60371428571428,32.0,0,0,0,0,0
382,123,37.5,18.976907630522078,19.5,0,0,0,0,0
382,23,29.17,9.6915,11.17,0,0,0,0,0
384,471,64.17,99.99915923566878,100.0,3,1,1,60697,0
384,677,39.17,94.67185185185184,73.59,1,1,1,41190,1
384,607,55.67,91.30000000000001,59.78,1,1,1,40308,0
384,944,41.67,65.7075806451613,53.67,1,1,0,0,1
384,282,33.33,52.8584,35.25,1,1,1,34070,0
385,355,43.83,33.733177083333324,25.83,0,0,0,0,0
385,350,27.5,9.6915,9.5,0,0,0,0,0
386,153,38.33,25.985276381909557,20.33,0,0,0,0,0
386,929,42.33,25.985276381909557,24.33,0,0,0,0,0
387,1019,23.33,20.171249999999997,17.77,0,1,1,12675,0
388,401,69.17,99.99915923566878,100.0,3,1,1,61143,0
388,520,43.33,97.89433333333334,100.0,3,1,1,57636,0
388,736,51.19,54.88390410958904,73.19,2,0,0,0,0
389,436,32.5,27.70640000000001,29.01,1,1,1,18595,0
389,622,33.33,18.976907630522078,15.33,0,0,0,0,0
389,266,27.5,9.6915,9.5,0,0,0,0,0
390,116,64.17,47.43179487179487,46.17,0,1,0,0,0
390,386,44.17,33.733177083333324,66.17,2,0,0,0,0
391,100,69.17,99.99915923566878,100.0,3,1,1,53506,0
391,124,45.0,33.733177083333324,27.0,0,0,0,0,0
391,739,42.5,25.985276381909557,64.5,2,1,0,0,0
392,237,62.5,99.99915923566878,100.0,3,1,1,51607,1
394,765,59.17,82.2016993464052,93.17,2,0,0,0,1
394,211,53.33,80.81643274853802,55.3,1,1,1,34186,0
394,479,43.17,75.64000000000001,55.17,1,0,0,0,1
395,500,70.83,100.0,100.0,2,1,1,41664,1
395,298,52.5,97.64866666666667,100.0,2,1,1,41981,1
395,614,36.19,78.37366666666667,92.12,2,1,1,39801,1
397,459,57.17,80.81643274853802,59.21,1,1,1,34391,0
397,303,39.17,68.2207894736842,68.2,1,1,1,25810,1
397,550,41.5,25.985276381909557,23.5,0,1,0,0,0
397,187,27.5,9.6915,9.5,0,0,0,0,0
398,162,49.17,99.742,100.0,3,1,1,45954,1
398,944,42.5,94.92777777777776,90.06,2,1,1,50171,0
398,751,52.33,85.02141025641026,86.33,2,1,0,0,1
398,126,50.0,74.38472222222224,62.0,1,0,0,0,1
399,724,43.33,86.40945945945946,89.78,2,1,1,47003,0
399,359,60.0,80.81643274853802,100.0,3,0,0,0,0
399,100,39.17,78.37366666666667,94.5,2,1,1,38072,1
400,779,77.5,99.99915923566878,100.0,3,1,1,62745,0
400,275,59.17,82.2016993464052,71.17,1,0,0,0,1
400,527,56.67,82.2016993464052,68.67,1,1,0,0,1
401,486,79.17,99.99915923566878,100.0,3,1,1,58236,1
404,471,38.33,38.5212,36.43,1,1,1,23146,0
404,963,31.5,16.633636363636363,13.5,0,0,0,0,0
405,808,46.67,68.935625,58.67,1,0,0,0,1
405,639,40.0,19.45357142857143,22.0,0,0,0,0,0
406,35,37.5,38.5212,35.79,1,1,1,23684,0
407,115,49.17,54.88390410958904,71.17,2,0,0,0,0
409,622,61.33,99.99915923566878,100.0,3,1,1,53818,0
410,387,82.5,100.0,100.0,3,1,1,46854,1
410,876,66.67,92.88549382716049,100.0,3,1,0,0,0
411,444,30.83,39.34749999999999,32.48,1,1,1,33295,0
412,778,66.17,92.88549382716049,100.0,3,0,0,0,0
413,951,57.17,99.99915923566878,100.0,3,1,1,52460,0
414,403,62.5,99.99915923566878,100.0,2,1,1,48004,0
414,82,56.67,98.95521739130434,100.0,2,1,1,36049,1
414,38,64.17,93.39131147540984,100.0,3,1,1,41488,0
414,986,70.0,93.39131147540984,100.0,2,1,1,40940,0
415,900,54.17,97.64866666666667,100.0,3,1,1,42677,1
416,1006,56.17,99.99915923566878,100.0,3,1,1,49211,1
416,251,46.67,86.40945945945946,52.23,1,1,1,44447,0
416,86,38.17,63.35999999999999,60.17,2,0,0,0,0
417,745,63.33,92.88549382716049,100.0,3,0,0,0,0
418,271,64.17,99.99915923566878,100.0,3,1,1,47855,0
418,696,42.5,99.19666666666667,100.0,3,1,1,46787,1
419,609,54.17,97.64866666666667,100.0,2,1,1,39731,1
419,270,25.0,6.847083333333337,7.0,0,0,0,0,0
420,293,50.36,100.0,100.0,3,1,1,54766,1
420,121,42.5,65.7075806451613,76.5,2,1,0,0,1
420,856,28.33,63.71999999999999,82.32,2,1,1,34255,1
421,48,43.33,90.46851851851852,77.44,1,1,1,40328,1
422,481,68.33,93.39131147540984,100.0,3,1,1,41544,0
422,101,38.17,18.976907630522078,20.17,0,1,0,0,0
422,820,31.67,16.633636363636363,13.67,0,1,0,0,0
423,352,40.83,65.7075806451613,74.83,2,1,0,0,1
424,362,63.33,99.74545454545455,100.0,3,1,1,47246,1
424,124,54.17,96.72952380952381,100.0,3,1,1,46501,0
424,119,64.17,92.88549382716049,100.0,3,1,0,0,0
424,645,37.5,76.90025641025639,40.91,1,1,1,38328,0
424,516,30.83,13.24,12.83,0,1,0,0,0
425,301,54.17,98.37586206896552,100.0,3,1,1,44357,1
430,211,53.33,99.74545454545455,100.0,2,1,1,47405,1
430,213,51.33,94.19607142857141,55.98,1,1,1,41850,0
430,68,47.33,77.09447368421054,78.56,1,1,1,32077,1
434,806,65.0,100.0,100.0,2,1,1,42365,1
434,578,38.33,94.92777777777776,100.0,3,1,1,47891,0
434,812,69.17,78.17341463414634,100.0,3,1,0,0,0
435,380,53.17,99.74545454545455,100.0,3,1,1,47273,0
435,443,33.33,18.976907630522078,15.33,0,0,0,0,0
436,637,70.0,92.88549382716049,100.0,2,0,0,0,1
436,810,34.0,33.0190625,31.07,1,1,1,20209,0
437,597,27.02,9.6915,49.02,2,0,0,0,0
439,553,45.83,83.3628125,100.0,2,1,1,38487,1
440,559,57.5,99.99915923566878,100.0,3,1,1,59384,1
440,183,62.5,99.99915923566878,100.0,2,1,1,48710,0
440,756,65.0,99.99915923566878,100.0,3,1,1,54151,0
440,204,39.17,84.56714285714288,71.93,1,1,1,36464,1
440,869,38.33,59.12466666666666,50.33,1,1,0,0,1
441,47,62.5,99.99915923566878,100.0,3,1,1,54340,0
441,387,53.17,98.37586206896552,88.85,1,1,1,44811,1
441,749,33.33,84.55153846153846,80.06,2,1,1,47796,0
441,767,25.0,6.847083333333337,7.0,0,0,0,0,0
441,507,25.67,6.847083333333337,7.67,0,0,0,0,0
443,381,43.33,68.935625,77.33,2,0,0,0,1
443,21,43.33,61.362022471910095,55.33,1,0,0,0,1
444,778,60.83,99.99915923566878,100.0,3,1,1,57716,1
444,828,36.67,18.976907630522078,18.67,0,0,0,0,0
445,808,52.5,72.826,83.88,1,1,1,32528,1
445,372,37.5,18.976907630522078,19.5,0,0,0,0,0
445,392,31.67,13.24,13.67,0,0,0,0,0
446,263,39.17,57.928125,51.17,1,0,0,0,1
448,963,48.33,98.80739130434782,100.0,2,1,1,47982,1
449,824,68.33,92.88549382716049,100.0,3,1,0,0,0
449,251,49.67,74.38472222222224,83.67,2,0,0,0,1
450,179,52.5,99.99915923566878,100.0,3,1,1,53517,1
450,307,49.17,77.05499999999998,83.17,2,1,0,0,1
450,351,37.5,54.46071428571429,40.16,1,1,1,36158,0
451,788,64.17,99.6335,100.0,2,1,1,37290,1
451,22,42.5,25.985276381909557,24.5,0,1,0,0,0
453,662,47.33,97.89433333333334,100.0,3,1,1,57908,0
453,312,43.33,96.85777777777778,100.0,2,1,1,45868,1
453,636,35.83,84.55153846153846,94.26,2,1,1,46932,1
453,995,56.5,80.81643274853802,78.5,2,0,0,0,0
453,501,37.5,54.46071428571429,80.41,2,1,1,36899,0
454,502,62.5,78.17341463414634,44.5,0,1,0,0,0
456,230,78.33,99.99915923566878,100.0,3,1,1,61203,0
456,518,50.0,99.742,100.0,2,1,1,46233,1
456,972,40.83,29.889666666666667,22.83,0,1,0,0,0
457,805,39.17,94.67185185185184,74.25,1,1,1,43073,1
457,765,24.17,6.847083333333337,6.17,0,1,0,0,0
458,796,58.33,82.2016993464052,100.0,3,0,0,0,1
458,992,55.83,47.43179487179487,51.52,0,1,1,16254,0
458,847,27.5,9.6915,9.5,0,0,0,0,0
459,391,57.0,82.2016993464052,91.0,2,0,0,0,1
459,1009,46.17,45.809861111111104,48.63,1,1,1,35593,0
459,158,33.33,18.976907630522078,15.33,0,0,0,0,0
460,151,67.33,99.99915923566878,100.0,3,1,1,57540,1
460,316,57.33,80.81643274853802,79.33,2,0,0,0,0
461,76,21.67,4.477469879518073,3.67,0,0,0,0,0
462,471,56.67,82.2016993464052,68.67,1,1,0,0,1
463,972,46.67,33.733177083333324,28.67,0,1,0,0,0
464,497,49.17,54.88390410958904,50.06,1,1,1,31117,0
465,710,57.5,82.2016993464052,69.5,1,0,0,0,1
465,311,32.86,18.976907630522078,14.86,0,0,0,0,0
468,278,48.17,98.80739130434782,100.0,2,1,1,48072,1
468,738,49.17,54.88390410958904,31.17,0,0,0,0,0
469,663,78.33,99.99915923566878,100.0,3,1,1,56969,1
469,235,50.0,40.60371428571428,32.0,0,1,0,0,0
470,238,54.17,97.64866666666667,100.0,2,1,1,41368,1
471,85,39.17,94.92777777777776,100.0,3,1,1,51566,0
472,123,40.0,55.024576271186454,92.0,3,1,0,0,0
473,645,37.5,99.19666666666667,96.11,2,1,1,47464,1
473,865,52.33,84.05257142857143,34.33,0,0,0,0,0
473,353,48.33,74.90462962962964,70.33,2,1,0,0,0
474,329,23.89,6.847083333333337,5.89,0,1,0,0,0
476,815,42.5,68.2207894736842,72.13,1,1,1,27516,1
476,990,35.83,18.976907630522078,17.83,0,0,0,0,0
477,473,66.67,93.39131147540984,100.0,3,1,1,40200,0
477,513,52.02,67.60333333333332,64.02,1,0,0,0,1
478,41,69.17,100.0,100.0,3,1,1,44228,0
478,322,33.33,84.55153846153846,80.0,2,1,1,47627,0
478,58,53.33,80.81643274853802,100.0,3,0,0,0,0
479,420,79.17,99.99915923566878,100.0,3,1,1,53351,1
479,461,71.67,99.99915923566878,100.0,3,1,1,52127,1
479,492,25.67,6.847083333333337,7.67,0,0,0,0,0
480,159,30.36,16.633636363636363,12.36,0,0,0,0,0
481,471,83.0,99.99915923566878,100.0,3,1,1,67610,1
481,750,46.67,68.59018518518518,80.67,2,0,0,0,1
483,181,62.5,100.0,100.0,2,1,1,43283,1
483,863,64.88,92.88549382716049,100.0,3,0,0,0,0
483,597,30.36,46.19681818181819,42.36,1,0,0,0,1
483,598,46.5,45.809861111111104,46.17,1,1,1,27637,0
484,644,35.0,51.81103448275863,47.0,1,0,0,0,1
484,889,41.67,51.81103448275863,53.67,1,0,0,0,1
484,240,31.67,46.19681818181819,43.67,1,0,0,0,1
485,132,37.5,99.19666666666667,96.8,2,1,1,49433,1
485,256,37.5,68.2207894736842,67.03,1,1,1,27216,1
487,30,46.67,100.0,100.0,3,1,1,56334,1
487,443,47.33,94.19607142857141,52.13,1,1,1,42286,0
487,286,41.67,65.7075806451613,75.67,2,1,0,0,1
488,1010,58.33,94.94874999999999,100.0,3,1,0,0,1
488,669,59.17,93.39131147540984,100.0,2,1,1,41188,0
488,36,45.83,74.05384615384615,49.15,1,1,1,38047,0
490,370,43.33,45.809861111111104,45.52,1,1,1,34817,0
490,877,32.17,16.633636363636363,14.17,0,0,0,0,0
491,412,51.33,44.21032786885246,100.0,3,1,0,0,0
492,529,59.17,93.91225,100.0,3,1,1,44034,0
493,713,49.17,85.02141025641026,100.0,2,1,1,35234,1
494,462,35.67,59.12466666666666,47.67,1,0,0,0,1
494,184,34.52,52.8584,36.44,1,1,1,34047,0
496,870,41.33,53.011842105263156,75.33,2,0,0,0,1
497,651,59.17,100.0,100.0,2,1,1,46634,0
498,699,64.17,99.99915923566878,100.0,3,1,1,51499,0
500,123,44.17,54.812571428571424,66.17,2,0,0,0,0
500,275,37.5,35.60416666666667,59.5,2,1,0,0,0
501,201,32.5,16.633636363636363,14.5,0,1,0,0,0
503,199,25.0,20.171249999999997,22.56,1,1,1,21600,0
505,396,65.83,99.99915923566878,100.0,2,1,1,48766,0
506,208,75.17,99.99915923566878,100.0,3,1,1,63992,0
506,803,39.05,99.19666666666667,100.0,3,1,1,47628,1
506,61,46.19,96.85777777777778,100.0,2,1,1,46132,1
506,528,58.33,94.94874999999999,70.33,1,0,0,0,1
506,778,49.17,89.87454545454544,93.84,2,1,1,41927,0
506,161,36.19,55.024576271186454,35.59,1,1,1,26850,0
507,928,57.5,97.48826086956524,100.0,2,1,1,41123,1
507,813,35.83,54.46071428571429,38.58,1,1,1,36432,0
507,209,35.83,18.976907630522078,17.83,0,0,0,0,0
508,489,45.0,56.649,67.0,2,0,0,0,0
508,949,33.33,56.60681818181818,45.33,1,1,0,0,1
508,676,31.67,13.24,13.67,0,0,0,0,0
510,231,46.5,97.89433333333334,100.0,3,1,1,54890,0
510,955,36.67,84.56714285714288,92.08,2,1,1,38325,1
511,451,33.33,56.60681818181818,62.06,1,1,1,24946,1
512,846,42.33,94.92777777777776,100.0,3,1,1,51776,0
513,880,51.67,67.60333333333332,63.67,1,1,0,0,1
513,982,21.19,4.477469879518073,3.19,0,0,0,0,0
514,547,29.17,39.34749999999999,32.0,1,1,1,36665,0
514,531,18.33,1.0724444444444443,0.33,0,0,0,0,0
515,716,49.17,74.05384615384615,100.0,3,1,1,40390,0
516,23,41.67,57.928125,53.67,1,0,0,0,1
517,348,66.33,99.99915923566878,100.0,3,1,1,63047,1
517,897,53.21,99.99915923566878,100.0,3,1,1,56482,0
517,287,32.5,51.11882352941177,66.5,2,1,0,0,1
518,583,45.0,97.89433333333334,100.0,3,1,1,50544,0
519,262,58.33,99.99915923566878,100.0,3,1,1,50035,0
519,520,50.83,84.05257142857143,72.83,2,1,0,0,0
519,279,52.5,74.38472222222224,86.5,2,0,0,0,1
519,799,37.5,59.12466666666666,100.0,3,1,0,0,1
520,194,38.33,90.5205,72.93,1,1,1,41717,1
520,789,39.17,63.15041666666667,40.92,1,1,1,33566,0
521,880,56.33,91.7340909090909,100.0,3,1,0,0,1
521,241,58.33,80.81643274853802,100.0,3,1,0,0,0
522,520,46.5,84.05257142857143,68.5,2,0,0,0,0
522,1006,64.17,83.328,76.17,1,1,0,0,1
522,432,30.0,16.633636363636363,12.0,0,0,0,0,0
523,451,57.33,99.99915923566878,100.0,3,1,1,50923,0
523,117,33.33,46.19681818181819,45.33,1,0,0,0,1
525,317,56.67,80.81643274853802,78.67,2,1,0,0,0
526,804,62.02,99.99915923566878,100.0,3,1,1,56112,0
527,709,50.0,94.19607142857141,54.53,1,1,1,41521,0
527,736,64.5,92.88549382716049,86.5,2,1,0,0,0
527,405,40.0,25.985276381909557,22.0,0,0,0,0,0
527,478,32.5,16.633636363636363,14.5,0,1,0,0,0
529,685,53.17,99.742,100.0,2,1,1,46104,1
529,155,49.17,98.80739130434782,85.71,1,1,1,47248,1
530,26,79.33,100.0,100.0,2,1,1,45973,1
532,107,84.17,99.99915923566878,100.0,3,1,1,54682,0
532,155,38.33,25.985276381909557,20.33,0,1,0,0,0
533,866,35.0,59.12466666666666,69.0,2,1,0,0,1
534,752,77.5,99.14892857142857,100.0,3,1,0,0,0
535,202,27.5,9.6915,9.5,0,0,0,0,0
537,872,35.83,35.60416666666667,57.83,2,1,0,0,0
538,70,55.0,99.99915923566878,100.0,3,1,1,51733,0
538,866,52.5,74.90462962962964,94.7,2,1,1,34849,0
539,716,24.17,38.13954545454545,36.17,1,0,0,0,1
540,430,57.5,80.81643274853802,79.5,2,0,0,0,0
541,891,41.5,68.2207894736842,69.71,1,1,1,23470,1
542,284,31.67,13.24,13.67,0,0,0,0,0
543,57,55.0,82.2016993464052,100.0,2,1,1,34935,1
543,286,43.33,45.809861111111104,41.78,1,1,1,24132,0
544,178,48.33,54.88390410958904,70.33,2,1,0,0,0
545,131,67.33,84.63291666666667,70.52,1,1,1,37691,0
547,983,39.17,78.37366666666667,94.22,2,1,1,37281,1
547,553,27.5,42.84162162162163,39.5,1,1,0,0,1
548,240,59.17,80.81643274853802,100.0,3,0,0,0,0
548,808,33.33,33.0190625,30.4,1,1,1,20208,0
549,446,45.0,61.362022471910095,57.0,1,0,0,0,1
550,790,55.0,99.99915923566878,100.0,3,1,1,52194,0
550,623,43.33,68.59018518518518,55.33,1,0,0,0,1
550,388,41.67,25.985276381909557,23.67,0,1,0,0,0
551,48,31.5,16.633636363636363,53.5,2,1,0,0,0
552,944,66.67,99.99915923566878,100.0,2,1,1,49221,0
552,743,21.67,38.13954545454545,50.39,1,1,1,24924,1
553,120,51.67,54.88390410958904,33.67,0,1,0,0,0
554,655,45.67,68.59018518518518,57.67,1,0,0,0,1
554,994,39.17,25.985276381909557,21.17,0,1,0,0,0
555,855,47.5,61.362022471910095,59.5,1,1,0,0,1
556,925,48.33,74.38472222222224,60.33,1,0,0,0,1
557,971,43.33,61.362022471910095,100.0,3,0,0,0,1
557,317,43.33,33.733177083333324,95.33,3,1,0,0,0
557,391,39.17,25.985276381909557,61.17,2,0,0,0,0
557,597,31.67,16.633636363636363,13.67,0,0,0,0,0
558,99,43.33,94.19607142857141,87.93,2,1,1,41716,0
558,689,35.83,84.55153846153846,83.04,2,1,1,49161,0
559,278,49.17,74.90462962962964,100.0,3,1,0,0,0
560,438,49.05,90.46851851851852,100.0,3,1,1,43493,1
561,104,52.02,98.85,100.0,3,1,1,44817,0
562,621,46.67,74.90462962962964,98.67,3,1,0,0,0
563,889,68.33,99.99915923566878,100.0,3,1,1,64058,0
563,424,41.5,84.37310344827587,100.0,3,1,1,44537,0
564,761,42.5,63.15041666666667,45.57,1,1,1,37344,0
564,257,39.17,29.889666666666667,40.43,1,1,1,32161,0
565,294,33.33,79.99333333333331,67.65,1,1,1,40910,1
570,51,45.0,33.733177083333324,67.0,2,0,0,0,0
571,217,70.0,93.91225,100.0,3,1,1,45217,0
571,344,54.17,80.81643274853802,54.83,1,1,1,30468,0
572,777,67.5,100.0,100.0,3,1,1,46788,0
572,332,47.5,33.733177083333324,29.5,0,1,0,0,0
573,443,27.5,29.422500000000007,26.22,1,1,1,24921,0
574,66,43.33,61.362022471910095,55.33,1,1,0,0,1
575,357,39.17,77.50125,44.41,1,1,1,43542,0
575,117,30.0,51.11882352941177,42.0,1,1,0,0,1
576,893,37.5,68.2207894736842,68.39,1,1,1,31119,1
577,109,61.5,99.99915923566878,100.0,3,1,1,59741,0
577,387,48.33,62.091904761904765,100.0,3,1,1,39120,0
578,454,59.17,93.91225,100.0,3,1,1,45837,0
578,430,47.33,33.733177083333324,29.33,0,0,0,0,0
579,675,45.83,100.0,100.0,3,1,1,52299,1
579,86,58.17,80.81643274853802,80.17,2,1,0,0,0
580,445,58.33,98.78823529411764,100.0,2,1,1,39760,0
580,183,52.5,97.64866666666667,86.3,1,1,1,39435,1
581,75,41.67,76.90025641025639,45.85,1,1,1,40514,0
581,710,45.0,68.935625,57.0,1,0,0,0,1
581,564,22.5,20.171249999999997,22.46,1,1,1,28456,0
583,200,35.83,84.55153846153846,94.4,2,1,1,47349,1
583,403,37.33,57.928125,49.33,1,0,0,0,1
583,646,15.83,0.0076363636363636364,0.0,0,1,0,0,0
585,574,45.0,33.733177083333324,67.0,2,1,0,0,0
585,959,27.5,9.6915,9.5,0,0,0,0,0
586,120,72.5,93.91225,100.0,3,1,1,45905,0
587,497,33.33,84.55153846153846,69.55,1,1,1,46340,1
588,268,43.33,54.812571428571424,95.33,3,1,0,0,0
589,472,80.17,99.99915923566878,100.0,3,1,1,48911,0
589,362,32.02,79.99333333333331,89.42,2,1,1,43992,1
590,467,54.17,80.81643274853802,100.0,3,1,0,0,0
590,280,46.67,36.20358974358974,46.26,1,1,1,27414,0
590,341,41.5,29.889666666666667,23.5,0,1,0,0,0
591,936,89.17,99.99915923566878,100.0,3,1,1,60590,1
591,898,57.5,97.48826086956524,100.0,2,1,1,42504,1
591,536,52.33,84.05257142857143,54.59,1,1,1,35033,0
591,442,33.33,70.01521739130435,87.86,2,1,1,35798,1
591,435,33.33,51.135666666666665,45.33,1,0,0,0,1
591,599,41.67,50.092571428571404,23.67,0,0,0,0,0
592,277,65.0,92.88549382716049,100.0,3,1,0,0,1
592,715,36.19,57.928125,70.19,2,1,0,0,1
592,661,46.67,33.733177083333324,28.67,0,0,0,0,0
593,516,44.67,96.85777777777778,100.0,3,1,1,43869,1
593,150,50.0,40.60371428571428,72.0,2,1,0,0,0
595,31,74.17,99.99915923566878,100.0,3,1,1,64320,0
596,599,58.33,99.99915923566878,100.0,3,1,1,51357,0
597,400,47.33,68.59018518518518,59.33,1,0,0,0,1
597,551,24.17,6.847083333333337,6.17,0,1,0,0,0
597,1019,17.5,0.0076363636363636364,0.0,0,0,0,0,0
598,157,27.5,9.6915,9.5,0,0,0,0,0
599,259,27.5,9.6915,9.5,0,0,0,0,0
601,950,54.17,99.99915923566878,100.0,3,1,1,53092,0
601,190,53.33,60.96051282051282,48.44,0,1,1,14589,0
601,606,54.17,60.96051282051282,36.17,0,0,0,0,0
603,776,33.33,51.135666666666665,67.33,2,0,0,0,1
603,186,38.33,25.985276381909557,20.33,0,0,0,0,0
604,502,72.5,99.99915923566878,100.0,3,1,1,54262,0
605,588,68.33,100.0,100.0,3,1,1,46538,0
606,650,48.33,100.0,100.0,3,1,1,55444,1
606,664,48.33,72.826,60.33,1,1,0,0,1
607,488,59.0,99.99915923566878,100.0,3,1,1,50787,1
607,612,43.33,86.40945945945946,90.21,2,1,1,48216,0
607,385,51.17,74.90462962962964,73.17,2,0,0,0,0
607,565,24.17,63.71999999999999,56.27,1,1,1,34570,1
609,648,85.17,99.99915923566878,100.0,3,1,1,54577,0
609,639,65.0,92.88549382716049,77.0,1,0,0,0,1
609,576,57.0,80.81643274853802,79.0,2,0,0,0,0
609,781,33.33,46.19681818181819,45.33,1,0,0,0,1
610,438,65.33,78.17341463414634,47.33,0,1,0,0,0
610,453,42.5,25.985276381909557,24.5,0,1,0,0,0
611,427,62.5,84.63291666666667,100.0,2,1,1,38356,0
611,38,55.0,59.31225806451612,37.0,0,0,0,0,0
612,361,59.17,80.81643274853802,100.0,3,1,0,0,0
613,22,77.5,99.99915923566878,100.0,3,1,1,60765,0
613,953,61.67,99.99915923566878,100.0,3,1,1,52860,0
614,39,81.17,99.99915923566878,100.0,3,1,1,65382,1
614,115,31.67,79.99333333333331,89.0,2,1,1,43797,1
615,363,28.33,9.6915,10.33,0,1,0,0,0
617,792,47.5,97.89433333333334,100.0,3,1,1,52954,0
617,308,46.5,80.89999999999999,90.34,2,1,1,39548,0
617,149,53.83,80.81643274853802,100.0,3,1,0,0,0
618,800,54.17,99.99915923566878,100.0,2,1,1,48567,1
619,556,48.33,54.88390410958904,100.0,3,0,0,0,0
621,302,59.0,100.0,100.0,3,1,1,45771,0
621,539,60.5,94.94874999999999,91.29,1,1,1,30824,1
621,551,40.0,25.985276381909557,22.0,0,0,0,0,0
621,225,42.5,25.985276381909557,24.5,0,0,0,0,0
622,985,69.17,99.99915923566878,100.0,3,1,1,64775,1
622,1018,29.17,63.71999999999999,63.39,1,1,1,40633,1
623,332,49.83,84.05257142857143,71.83,2,1,0,0,0
624,1011,54.88,59.31225806451612,76.88,2,1,0,0,0
625,478,55.83,82.2016993464052,67.83,1,1,0,0,1
625,310,46.67,68.59018518518518,100.0,3,1,0,0,1
625,864,21.67,20.171249999999997,17.37,0,1,1,16283,0
626,632,47.33,92.56652173913042,100.0,2,1,1,38630,1
626,296,37.5,59.12466666666666,49.5,1,0,0,0,1
627,734,43.17,66.85499999999999,65.17,2,1,0,0,0
628,766,45.83,77.09447368421054,77.71,1,1,1,33942,1
628,138,36.19,68.2207894736842,67.32,1,1,1,31786,1
628,944,36.19,59.12466666666666,70.19,2,1,0,0,1
630,909,60.0,80.81643274853802,82.0,2,1,0,0,0
631,715,64.17,93.39131147540984,100.0,2,1,1,42782,0
632,266,88.33,99.99915923566878,100.0,3,1,1,64508,1
632,311,45.83,99.36695652173913,100.0,2,1,1,41541,1
632,50,42.5,65.7075806451613,54.5,1,0,0,0,1
632,1003,37.5,59.12466666666666,71.5,2,1,0,0,1
633,75,43.33,33.733177083333324,65.33,2,1,0,0,0
634,650,30.36,16.633636363636363,12.36,0,1,0,0,0
636,70,47.5,54.812571428571424,29.5,0,0,0,0,0
636,899,21.67,4.477469879518073,3.67,0,0,0,0,0
636,496,18.33,1.0724444444444443,0.33,0,0,0,0,0
638,542,43.33,33.733177083333324,25.33,0,0,0,0,0
639,303,65.83,92.88549382716049,99.83,2,1,0,0,1
639,617,37.33,18.976907630522078,19.33,0,0,0,0,0
640,519,63.33,92.88549382716049,75.33,1,0,0,0,1
641,933,55.0,99.74545454545455,100.0,2,1,1,47187,0
641,318,64.17,92.88549382716049,86.17,2,1,0,0,0
642,136,77.5,99.99915923566878,100.0,3,1,1,67693,1
643,113,39.17,53.011842105263156,51.17,1,0,0,0,1
643,287,42.33,53.011842105263156,54.33,1,0,0,0,1
643,624,47.5,33.733177083333324,29.5,0,0,0,0,0
644,452,49.17,67.60333333333332,61.17,1,0,0,0,1
645,706,40.67,63.35999999999999,62.67,2,1,0,0,0
645,641,43.33,61.362022471910095,77.33,2,1,0,0,1
646,450,69.17,100.0,100.0,2,1,1,43887,0
646,880,56.67,98.78823529411764,100.0,2,1,1,39998,0
646,85,33.33,33.0190625,33.65,1,1,1,29498,0
647,202,47.33,96.85777777777778,100.0,2,1,1,47061,1
647,458,53.33,80.81643274853802,100.0,3,1,0,0,0
647,1019,29.17,79.99333333333331,63.52,1,1,1,41006,1
647,286,41.67,29.889666666666667,23.67,0,1,0,0,0
647,813,36.5,19.45357142857143,18.5,0,0,0,0,0
648,858,27.02,24.906956521739136,24.58,1,1,1,21608,0
649,168,69.17,99.99915923566878,100.0,3,1,1,54228,1
649,35,30.0,29.422500000000007,29.29,1,1,1,26542,0
650,934,67.5,99.99915923566878,100.0,3,1,1,48774,1
650,281,40.36,99.19666666666667,98.77,2,1,1,46892,1
650,142,47.5,80.89999999999999,90.7,2,1,1,37727,0
650,662,44.17,68.935625,78.17,2,1,0,0,1
651,587,27.5,9.6915,9.5,0,1,0,0,0
652,192,63.67,99.99915923566878,100.0,3,1,1,55322,0
652,796,56.19,98.95521739130434,100.0,3,1,1,39999,1
652,446,31.67,61.630833333333335,76.64,2,1,1,42782,0
653,162,27.5,9.6915,9.5,0,0,0,0,0
654,302,43.33,61.362022471910095,55.33,1,0,0,0,1
654,326,40.0,25.985276381909557,22.0,0,1,0,0,0
655,899,50.67,99.63678571428572,100.0,2,1,1,49614,1
655,290,56.67,94.94874999999999,100.0,3,0,0,0,1
657,552,28.0,9.6915,10.0,0,0,0,0,0
658,175,45.67,94.19607142857141,90.39,2,1,1,42045,0
659,226,56.67,93.91225,62.32,1,1,1,44714,0
661,136,37.5,94.92777777777776,84.17,2,1,1,47617,0
663,265,68.33,99.99915923566878,100.0,3,1,1,54618,0
663,313,43.33,86.59043478260871,46.91,1,1,1,38801,0
664,184,55.0,99.99915923566878,100.0,3,1,1,57596,0
664,928,51.33,99.896,100.0,3,1,1,55750,0
666,777,45.0,94.19607142857141,49.65,1,1,1,41862,0
667,938,39.17,57.928125,73.17,2,0,0,0,1
667,298,37.5,18.976907630522078,19.5,0,0,0,0,0
668,188,61.33,93.39131147540984,100.0,2,1,1,41673,0
669,238,54.17,91.30000000000001,97.25,2,1,1,37379,0
670,520,55.0,59.31225806451612,37.0,0,0,0,0,0
671,36,53.33,47.43179487179487,35.33,0,0,0,0,0
671,970,33.33,18.976907630522078,15.33,0,1,0,0,0
672,967,66.67,99.99915923566878,100.0,3,1,1,64138,0
672,663,53.33,82.2016993464052,65.33,1,0,0,0,1
673,460,39.17,94.67185185185184,96.77,2,1,1,44560,1
673,899,64.0,92.88549382716049,86.0,2,1,0,0,0
673,484,36.67,76.90025641025639,80.05,2,1,1,38215,0
673,360,41.5,51.81103448275863,53.5,1,0,0,0,1
673,485,27.5,29.422500000000007,26.69,1,1,1,26261,0
674,324,73.33,99.14892857142857,55.33,0,1,0,0,0
674,66,55.0,80.81643274853802,37.0,0,0,0,0,0
675,709,74.05,99.99915923566878,100.0,3,1,1,59278,0
675,503,32.5,16.633636363636363,14.5,0,0,0,0,0
677,504,39.17,84.56714285714288,71.43,1,1,1,35035,1
677,698,34.83,59.12466666666666,68.83,2,0,0,0,1
677,78,25.0,6.847083333333337,7.0,0,0,0,0,0
678,334,68.33,92.88549382716049,100.0,3,1,0,0,0
678,673,62.17,92.88549382716049,100.0,3,1,0,0,0
678,785,27.5,29.422500000000007,27.36,1,1,1,28181,0
679,464,70.0,99.99915923566878,100.0,3,1,1,49032,0
679,466,31.67,29.422500000000007,30.38,1,1,1,24882,0
679,938,20.0,1.0724444444444443,2.0,0,0,0,0,0
680,426,46.67,33.733177083333324,28.67,0,0,0,0,0
680,531,46.67,33.733177083333324,28.67,0,0,0,0,0
681,128,36.19,33.0190625,36.45,1,1,1,29308,0
681,335,24.52,6.847083333333337,6.52,0,0,0,0,0
682,159,67.0,99.99915923566878,100.0,3,1,1,56281,1
682,622,30.0,16.633636363636363,12.0,0,0,0,0,0
682,671,24.17,6.847083333333337,6.17,0,0,0,0,0
683,826,55.0,99.74545454545455,100.0,2,1,1,46962,1
684,890,73.33,99.99915923566878,100.0,3,1,1,53767,0
684,83,57.5,80.81643274853802,79.5,2,1,0,0,0
684,464,42.5,76.90025641025639,45.64,1,1,1,37547,0
685,277,58.17,98.78823529411764,100.0,2,1,1,38985,0
685,976,48.33,83.3628125,81.66,1,1,1,38084,1
687,164,42.5,25.985276381909557,64.5,2,0,0,0,0
688,685,66.67,83.328,78.67,1,0,0,0,1
688,417,57.5,82.2016993464052,69.5,1,0,0,0,1
688,74,44.17,61.362022471910095,56.17,1,0,0,0,1
691,289,51.19,54.88390410958904,73.19,2,0,0,0,0
691,593,52.5,40.60371428571428,34.5,0,0,0,0,0
691,70,33.33,18.976907630522078,15.33,0,0,0,0,0
692,269,72.33,100.0,100.0,3,1,1,42043,1
692,143,55.0,99.99915923566878,100.0,3,1,1,54125,0
693,318,38.33,72.48956521739129,70.21,1,1,1,33951,1
693,1018,29.17,11.769473684210524,51.17,2,0,0,0,0
694,353,50.83,44.21032786885246,32.83,0,1,0,0,0
694,578,35.67,18.976907630522078,17.67,0,0,0,0,0
695,549,59.17,99.99915923566878,100.0,2,1,1,48346,1
695,982,55.0,80.81643274853802,77.0,2,0,0,0,0
695,828,45.0,33.733177083333324,67.0,2,0,0,0,0
695,44,42.5,25.985276381909557,64.5,2,1,0,0,0
696,219,48.33,84.05257142857143,50.73,1,1,1,35434,0
698,940,53.33,99.742,100.0,3,1,1,45993,1
699,917,48.33,99.63678571428572,95.55,2,1,1,49209,0
700,773,41.67,50.092571428571404,63.67,2,0,0,0,0
700,662,32.5,16.633636363636363,14.5,0,1,0,0,0
700,21,27.5,11.769473684210524,9.5,0,1,0,0,0
701,476,49.17,74.05384615384615,93.44,2,1,1,40773,0
701,574,33.33,70.01521739130435,87.19,2,1,1,33890,1
702,483,52.02,98.37586206896552,100.0,2,1,1,46679,1
702,399,33.17,52.8584,77.28,2,1,1,40325,0
703,473,67.83,99.99915923566878,100.0,3,1,1,56439,1
703,707,24.17,20.171249999999997,19.96,0,1,1,16549,0
704,405,25.0,6.847083333333337,7.0,0,0,0,0,0
705,162,71.67,99.99915923566878,100.0,3,1,1,54225,0
707,755,63.33,84.63291666666667,100.0,3,1,1,38007,0
707,866,40.83,38.5212,39.15,1,1,1,23784,0
708,314,62.5,92.88549382716049,84.5,2,0,0,0,0
709,70,68.33,100.0,100.0,3,1,1,41964,1
709,31,37.5,18.976907630522078,19.5,0,0,0,0,0
710,530,57.5,99.99915923566878,100.0,3,1,1,49109,1
711,239,46.55,77.09447368421054,75.67,1,1,1,26043,1
712,874,49.17,74.38472222222224,61.17,1,0,0,0,1
712,502,34.17,68.2207894736842,65.2,1,1,1,31527,1
712,44,35.0,18.976907630522078,17.0,0,0,0,0,0
714,703,31.67,16.633636363636363,13.67,0,0,0,0,0
714,682,18.17,0.0076363636363636364,0.17,0,1,0,0,0
715,181,74.17,99.14892857142857,100.0,3,0,0,0,0
716,137,42.33,57.928125,54.33,1,0,0,0,1
717,278,42.5,94.67185185185184,76.88,1,1,1,41084,1
717,158,52.17,85.02141025641026,84.22,1,1,1,34429,1
717,144,26.67,11.769473684210524,8.67,0,0,0,0,0
719,606,46.67,96.85777777777778,100.0,3,1,1,46887,1
719,926,35.0,84.55153846153846,94.44,2,1,1,49838,1
719,389,37.17,59.12466666666666,71.17,2,1,0,0,1
719,201,12.5,0.0076363636363636364,0.0,0,0,0,0,0
720,419,67.5,92.88549382716049,100.0,2,0,0,0,1
721,466,59.17,99.99915923566878,100.0,3,1,1,60749,0
721,556,54.17,82.2016993464052,88.17,2,1,0,0,1
722,956,78.33,99.99915923566878,100.0,3,1,1,54918,0
722,945,46.67,68.935625,100.0,3,0,0,0,1
723,654,49.17,96.72952380952381,94.68,2,1,1,44322,0
725,53,48.33,83.3628125,100.0,2,1,1,38215,1
725,223,42.5,54.46071428571429,85.12,2,1,1,36054,0
725,397,37.5,35.60416666666667,59.5,2,0,0,0,0
726,584,55.0,91.30000000000001,98.7,2,1,1,39135,0
726,621,33.33,51.11882352941177,63.53,1,1,1,29151,1
727,197,35.83,54.46071428571429,38.18,1,1,1,35294,0
727,26,57.67,47.43179487179487,39.67,0,0,0,0,0
729,842,63.0,99.99915923566878,100.0,2,1,1,48282,0
729,469,48.33,77.05499999999998,60.33,1,1,0,0,1
731,681,57.67,98.78823529411764,100.0,3,1,1,41510,0
732,648,39.17,77.50125,84.78,2,1,1,44599,0
733,873,34.0,36.47863636363636,56.0,2,1,0,0,0
734,426,45.36,56.649,97.36,3,0,0,0,0
734,910,15.83,0.0076363636363636364,0.0,0,0,0,0,0
735,645,55.5,99.99915923566878,100.0,3,1,1,49536,0
735,474,44.05,75.64000000000001,56.05,1,0,0,0,1
735,324,27.5,39.34749999999999,31.05,1,1,1,38709,0
736,941,57.38,94.94874999999999,100.0,3,1,0,0,1
736,602,43.33,36.20358974358974,40.13,1,1,1,19429,0
737,426,56.5,99.99915923566878,100.0,3,1,1,60487,1
739,525,58.33,98.78823529411764,100.0,2,1,1,37374,0
740,965,50.83,80.40319148936172,84.83,2,0,0,0,1
740,48,40.83,76.90025641025639,84.09,2,1,1,37878,0
740,960,40.83,65.7075806451613,52.83,1,0,0,0,1
742,763,69.0,99.99915923566878,100.0,3,1,1,64995,0
743,539,33.33,84.55153846153846,92.73,2,1,1,49725,1
744,1005,48.33,74.38472222222224,60.33,1,0,0,0,1
744,29,43.17,66.85499999999999,95.17,3,1,0,0,0
745,130,57.5,82.2016993464052,69.5,1,1,0,0,1
745,377,32.5,13.24,14.5,0,1,0,0,0
746,489,72.5,99.99915923566878,100.0,3,1,1,61947,1
746,816,73.33,99.14892857142857,100.0,3,0,0,0,1
746,774,47.5,86.40945945945946,100.0,3,1,1,46482,0
746,140,48.33,85.02141025641026,79.7,1,1,1,32498,1
747,353,48.33,40.60371428571428,30.33,0,0,0,0,0
747,900,25.67,6.847083333333337,7.67,0,0,0,0,0
748,583,41.67,57.928125,53.67,1,0,0,0,1
748,632,21.67,4.477469879518073,3.67,0,0,0,0,0
749,542,21.67,4.477469879518073,3.67,0,0,0,0,0
750,761,46.67,68.59018518518518,74.81,1,1,1,23252,1
751,537,41.5,53.011842105263156,53.5,1,0,0,0,1
752,1018,29.17,24.906956521739136,23.79,0,1,1,13193,0
755,359,59.17,80.81643274853802,54.58,0,1,1,15454,0
756,978,63.67,83.328,85.67,2,1,0,0,0
756,75,33.33,56.60681818181818,45.33,1,1,0,0,1
756,322,33.33,51.135666666666665,45.33,1,0,0,0,1
757,129,59.17,99.99915923566878,100.0,3,1,1,51310,1
757,547,45.0,86.40945945945946,100.0,3,1,1,43717,0
758,449,60.0,82.2016993464052,94.0,2,1,0,0,1
760,818,35.83,57.928125,47.83,1,0,0,0,1
760,640,45.0,33.733177083333324,27.0,0,0,0,0,0
760,445,15.83,0.0076363636363636364,0.0,0,0,0,0,0
761,462,45.0,66.85499999999999,97.0,3,1,0,0,0
761,766,44.0,66.85499999999999,66.0,2,1,0,0,0
762,785,44.17,75.64000000000001,78.17,2,1,0,0,1
763,860,55.0,60.96051282051282,37.0,0,0,0,0,0
766,60,63.33,92.88549382716049,75.33,1,1,0,0,1
766,269,60.5,91.7340909090909,100.0,3,1,0,0,1
766,807,40.83,63.35999999999999,22.83,0,1,0,0,0
767,606,62.5,93.91225,100.0,3,1,1,44782,0
767,530,46.33,74.05384615384615,90.58,2,1,1,40708,0
770,200,40.83,84.37310344827587,85.79,2,1,1,42740,0
771,583,76.67,99.99915923566878,100.0,3,1,1,51429,1
771,458,39.17,25.985276381909557,21.17,0,0,0,0,0
772,177,40.67,25.985276381909557,62.67,2,0,0,0,0
773,668,39.17,99.19666666666667,97.96,2,1,1,47970,1
773,428,59.17,94.94874999999999,93.17,2,0,0,0,1
773,812,57.5,84.35571428571428,79.5,2,1,0,0,0
775,483,49.17,96.72952380952381,95.08,2,1,1,45444,0
775,699,49.17,54.88390410958904,31.17,0,0,0,0,0
775,72,46.5,33.733177083333324,28.5,0,1,0,0,0
776,1006,78.33,99.99915923566878,100.0,3,1,1,68487,1
776,521,59.17,97.48826086956524,100.0,2,1,1,41222,1
777,832,54.17,93.17649999999999,100.0,2,1,1,37929,1
777,551,54.17,91.7340909090909,88.17,2,0,0,0,1
778,48,43.33,99.36695652173913,100.0,3,1,1,40297,1
778,775,43.33,62.091904761904765,87.71,2,1,1,41099,0
778,980,33.33,46.19681818181819,45.33,1,0,0,0,1
779,438,46.33,33.733177083333324,28.33,0,1,0,0,0
780,157,49.17,80.40319148936172,83.17,2,0,0,0,1
781,27,49.17,100.0,100.0,3,1,1,52527,0
781,83,59.0,82.2016993464052,100.0,3,1,0,0,1
781,255,51.19,54.88390410958904,73.19,2,0,0,0,0
781,755,53.33,47.43179487179487,35.33,0,0,0,0,0
782,217,59.17,82.2016993464052,71.17,1,0,0,0,1
783,904,60.83,100.0,100.0,2,1,1,42138,1
783,442,58.33,98.78823529411764,100.0,2,1,1,36425,0
783,645,49.17,85.02141025641026,78.98,1,1,1,28026,1
783,616,45.0,83.3628125,78.11,1,1,1,37461,1
785,574,47.33,80.89999999999999,90.25,2,1,1,36902,0
786,64,60.33,100.0,100.0,3,1,1,39941,1
786,411,39.17,38.5212,39.62,1,1,1,29870,0
787,855,32.5,39.34749999999999,74.76,2,1,1,35038,0
787,998,20.83,1.0724444444444443,2.83,0,1,0,0,0
788,349,49.17,86.59043478260871,100.0,3,1,1,40970,0
788,823,49.17,54.88390410958904,71.17,2,1,0,0,0
788,492,43.33,54.812571428571424,25.33,0,0,0,0,0
789,348,53.17,98.37586206896552,100.0,3,1,1,45536,1
789,921,39.17,65.7075806451613,51.17,1,1,0,0,1
791,349,67.33,92.88549382716049,100.0,2,0,0,0,1
791,287,39.17,57.928125,73.17,2,1,0,0,1
793,738,57.5,82.2016993464052,69.5,1,1,0,0,1
793,156,34.17,18.976907630522078,16.17,0,0,0,0,0
794,454,39.17,65.7075806451613,51.17,1,1,0,0,1
794,880,39.17,25.985276381909557,21.17,0,0,0,0,0
795,400,61.67,99.99915923566878,100.0,2,1,1,48129,0
796,815,60.83,80.81643274853802,100.0,3,0,0,0,0
796,884,51.5,80.40319148936172,63.5,1,0,0,0,1
797,1009,33.33,52.8584,35.01,1,1,1,33364,0
797,911,37.5,35.60416666666667,19.5,0,0,0,0,0
798,540,55.5,99.99915923566878,100.0,3,1,1,61039,1
798,213,65.33,78.17341463414634,47.33,0,0,0,0,0
799,434,38.33,59.12466666666666,72.33,2,1,0,0,1
799,727,45.5,54.812571428571424,67.5,2,0,0,0,0
799,402,21.67,4.477469879518073,3.67,0,0,0,0,0
800,212,57.33,84.35571428571428,69.33,1,0,0,0,1
801,150,45.67,33.733177083333324,97.67,3,0,0,0,0
802,973,39.17,94.92777777777776,87.22,2,1,1,51583,0
802,936,49.17,54.88390410958904,31.17,0,0,0,0,0
805,304,41.5,54.46071428571429,84.37,2,1,1,36768,0
806,479,45.83,62.091904761904765,89.44,2,1,1,38886,0
807,199,39.17,84.56714285714288,71.59,1,1,1,35489,1
807,417,30.83,16.633636363636363,12.83,0,1,0,0,0
808,852,63.33,99.99915923566878,100.0,3,1,1,51223,1
808,913,40.5,94.67185185185184,100.0,3,1,1,43252,1
808,392,53.17,91.30000000000001,100.0,3,1,1,41086,0
808,86,37.5,84.37310344827587,100.0,3,1,1,43214,0
808,194,37.5,59.12466666666666,71.5,2,1,0,0,1
809,782,47.33,97.89433333333334,100.0,3,1,1,52928,0
809,384,34.0,18.976907630522078,16.0,0,0,0,0,0
810,532,29.17,9.6915,11.17,0,0,0,0,0
811,753,62.5,99.99915923566878,100.0,3,1,1,55933,1
811,74,52.86,85.02141025641026,86.86,2,1,0,0,1
811,549,60.83,80.81643274853802,82.83,2,1,0,0,0
812,228,52.02,98.37586206896552,100.0,2,1,1,43574,1
812,588,43.33,33.733177083333324,25.33,0,0,0,0,0
813,458,40.83,25.985276381909557,22.83,0,0,0,0,0
814,816,36.67,18.976907630522078,18.67,0,0,0,0,0
815,356,42.5,94.67185185185184,100.0,2,1,1,44814,1
815,947,53.33,88.67043478260868,100.0,2,1,1,35186,1
816,681,51.19,40.60371428571428,73.19,2,1,0,0,0
817,175,56.67,99.99915923566878,100.0,3,1,1,49647,0
818,998,44.17,68.59018518518518,78.17,2,1,0,0,1
818,313,33.33,18.976907630522078,15.33,0,0,0,0,0
820,615,45.5,100.0,100.0,3,1,1,51686,1
820,432,50.83,40.60371428571428,32.83,0,0,0,0,0
820,149,43.33,33.733177083333324,25.33,0,1,0,0,0
820,649,21.67,4.477469879518073,3.67,0,0,0,0,0
821,289,39.17,94.92777777777776,86.82,2,1,1,50429,0
821,887,35.83,63.15041666666667,37.39,1,1,1,33029,0
822,520,69.17,99.99915923566878,100.0,3,1,1,67225,1
822,667,31.5,56.60681818181818,61.4,1,1,1,28296,1
823,498,42.5,65.7075806451613,100.0,3,1,0,0,1
823,1009,37.5,59.12466666666666,49.5,1,0,0,0,1
824,65,54.17,99.99915923566878,100.0,3,1,1,52957,0
824,199,49.17,74.90462962962964,71.17,2,1,0,0,0
824,979,34.0,29.889666666666667,32.47,1,1,1,24186,0
825,864,76.33,99.99915923566878,100.0,3,1,1,56680,1
826,595,45.67,33.733177083333324,27.67,0,0,0,0,0
826,759,12.5,0.0076363636363636364,0.0,0,0,0,0,0
830,101,27.5,39.34749999999999,29.25,1,1,1,33575,0
831,471,49.17,44.21032786885246,71.17,2,0,0,0,0
831,197,35.36,18.976907630522078,17.36,0,0,0,0,0
832,412,73.33,99.14892857142857,100.0,2,1,0,0,1
832,225,57.5,59.31225806451612,39.5,0,0,0,0,0
833,854,71.17,99.99915923566878,100.0,3,1,1,64315,0
833,603,50.83,98.37586206896552,86.59,1,1,1,45018,1
833,990,32.86,51.135666666666665,44.86,1,0,0,0,1
833,37,42.5,50.092571428571404,64.5,2,0,0,0,0
834,688,30.0,16.633636363636363,52.0,2,0,0,0,0
835,132,45.36,97.89433333333334,93.1,2,1,1,50687,0
836,757,64.17,99.99915923566878,100.0,3,1,1,54365,0
836,829,69.0,99.99915923566878,100.0,3,1,1,54539,1
836,322,43.33,56.649,25.33,0,0,0,0,0
837,478,28.33,24.906956521739136,25.84,1,1,1,21445,0
837,443,35.83,18.976907630522078,17.83,0,0,0,0,0
838,32,53.83,99.99915923566878,100.0,3,1,1,51691,0
838,170,35.36,59.12466666666666,47.36,1,0,0,0,1
840,166,72.5,99.14892857142857,100.0,3,0,0,0,0
841,265,43.33,66.85499999999999,25.33,0,1,0,0,0
842,394,58.33,99.99915923566878,100.0,3,1,1,52448,1
842,718,49.83,98.85,100.0,3,1,1,44809,0
843,557,58.17,98.78823529411764,61.69,1,1,1,38622,0
843,470,66.67,92.88549382716049,88.67,2,1,0,0,0
843,703,40.0,72.48956521739129,71.61,1,1,1,33183,1
844,943,58.33,98.78823529411764,100.0,2,1,1,36730,0
844,1003,40.83,94.67185185185184,97.69,2,1,1,42443,1
844,795,52.5,74.38472222222224,64.5,1,0,0,0,1
844,571,43.33,66.85499999999999,45.29,1,1,1,34175,0
845,1003,51.67,44.21032786885246,33.67,0,1,0,0,0
846,278,44.83,100.0,100.0,3,1,1,53698,1
846,519,78.33,99.99915923566878,100.0,3,1,1,54963,0
848,267,44.0,75.64000000000001,78.0,2,0,0,0,1
848,863,24.05,38.13954545454545,55.24,1,1,1,31977,1
849,947,80.0,99.99915923566878,100.0,3,1,1,55441,1
850,255,51.67,91.30000000000001,94.83,2,1,1,37601,0
851,142,42.02,38.5212,40.15,1,1,1,23228,0
852,102,43.33,96.85777777777778,100.0,3,1,1,47928,1
853,796,64.0,99.99915923566878,100.0,3,1,1,59662,0
853,194,53.17,98.37586206896552,100.0,2,1,1,45023,1
854,830,76.33,78.17341463414634,100.0,2,1,0,0,1
855,791,64.17,78.17341463414634,76.17,1,1,0,0,1
855,1002,44.17,33.733177083333324,66.17,2,1,0,0,0
856,33,58.17,100.0,100.0,3,1,1,43969,1
856,960,46.5,77.09447368421054,76.96,1,1,1,29882,1
856,974,31.67,16.633636363636363,13.67,0,0,0,0,0
856,391,25.67,6.847083333333337,7.67,0,1,0,0,0
857,89,43.33,33.733177083333324,95.33,3,1,0,0,0
858,754,45.0,36.20358974358974,27.0,0,1,0,0,0
858,215,31.5,13.24,13.5,0,0,0,0,0
859,257,31.67,27.70640000000001,29.14,1,1,1,21350,0
860,266,60.36,82.2016993464052,94.36,2,1,0,0,1
860,161,27.5,9.6915,9.5,0,0,0,0,0
861,953,40.67,99.19666666666667,99.23,2,1,1,47320,1
863,566,90.17,99.99915923566878,100.0,3,1,1,53270,0
863,190,65.0,92.88549382716049,100.0,2,1,1,35369,0
864,75,60.5,99.99915923566878,100.0,3,1,1,50949,0
864,32,33.33,56.60681818181818,67.33,2,1,0,0,1
865,692,38.33,57.928125,72.33,2,1,0,0,1
865,921,29.17,9.6915,11.17,0,1,0,0,0
870,642,33.33,33.0190625,33.3,1,1,1,28487,0
872,489,44.17,45.809861111111104,43.51,1,1,1,26684,0
872,527,24.17,6.847083333333337,6.17,0,1,0,0,0
873,343,55.5,99.99915923566878,100.0,3,1,1,52310,0
873,894,88.33,99.99915923566878,100.0,3,1,1,62798,0
873,556,25.67,39.34749999999999,28.86,1,1,1,37695,0
874,463,57.5,99.99915923566878,100.0,3,1,1,56303,1
874,589,36.67,33.0190625,32.93,0,1,1,17872,0
874,505,38.33,25.985276381909557,20.33,0,0,0,0,0
875,86,67.33,98.85,100.0,3,1,1,45849,0
876,732,63.33,84.78863636363634,100.0,3,0,0,0,0
876,529,50.83,83.3628125,84.3,1,1,1,38491,1
878,514,41.19,94.92777777777776,100.0,3,1,1,46692,0
878,355,40.36,65.7075806451613,74.36,2,1,0,0,1
878,672,36.19,59.12466666666666,100.0,3,0,0,0,1
879,907,55.0,80.81643274853802,37.0,0,0,0,0,0
879,172,38.69,76.90025641025639,82.04,2,1,1,38135,0
879,234,30.83,27.70640000000001,27.6,1,1,1,19353,0
879,441,36.19,18.976907630522078,18.19,0,1,0,0,0
880,849,52.5,99.742,100.0,2,1,1,45541,1
880,558,43.33,45.809861111111104,40.31,1,1,1,19957,0
881,211,33.33,33.0190625,33.31,1,1,1,28524,0
882,920,33.33,18.976907630522078,15.33,0,0,0,0,0
884,311,35.5,18.976907630522078,57.5,2,0,0,0,0
887,928,27.5,29.422500000000007,27.16,1,1,1,27613,0
887,52,41.19,25.985276381909557,23.19,0,1,0,0,0
888,732,59.17,99.99915923566878,100.0,3,1,1,51973,0
888,471,63.33,92.88549382716049,97.33,2,0,0,0,1
890,831,48.17,80.89999999999999,91.99,2,1,1,39485,0
891,176,57.33,99.99915923566878,100.0,3,1,1,60313,0
891,537,39.17,84.56714285714288,71.59,1,1,1,35486,1
891,978,21.67,38.13954545454545,33.67,1,0,0,0,1
892,695,53.17,80.40319148936172,65.17,1,0,0,0,1
892,342,44.17,77.09447368421054,73.25,1,1,1,25957,1
893,245,40.83,65.7075806451613,52.83,1,1,0,0,1
893,609,24.17,6.847083333333337,6.17,0,1,0,0,0
894,447,41.33,94.67185185185184,98.19,2,1,1,42466,1
895,498,59.17,99.99915923566878,100.0,3,1,1,53676,1
895,278,53.33,91.7340909090909,87.33,2,0,0,0,1
895,67,41.5,63.35999999999999,63.5,2,1,0,0,0
896,588,72.5,99.99915923566878,100.0,3,1,1,59524,0
897,475,55.0,98.95521739130434,88.31,1,1,1,38019,1
898,609,35.83,84.56714285714288,69.02,1,1,1,37690,1
898,455,28.33,9.6915,10.33,0,0,0,0,0
899,985,66.67,100.0,100.0,3,1,1,44913,1
899,282,37.5,57.928125,49.5,1,0,0,0,1
899,411,31.5,27.70640000000001,29.83,1,1,1,23797,0
900,409,52.86,91.30000000000001,96.84,2,1,1,39944,0
900,868,29.17,24.906956521739136,25.53,1,1,1,18168,0
903,113,54.17,99.99915923566878,100.0,2,1,1,48958,1
904,692,89.17,99.99915923566878,100.0,3,1,1,57605,1
904,319,68.33,99.99915923566878,100.0,3,1,1,49194,0
904,367,50.0,54.88390410958904,50.2,1,1,1,29144,0
905,340,52.33,44.21032786885246,54.68,1,1,1,35295,0
907,649,62.5,84.35571428571428,100.0,3,1,0,0,1
907,363,23.33,4.477469879518073,5.33,0,1,0,0,0
908,168,45.0,33.733177083333324,27.0,0,1,0,0,0
909,187,33.33,18.976907630522078,15.33,0,1,0,0,0
909,486,30.67,16.633636363636363,12.67,0,0,0,0,0
912,648,29.67,42.84162162162163,41.67,1,1,0,0,1
913,640,61.17,99.99915923566878,100.0,3,1,1,57138,1
914,632,36.19,18.976907630522078,18.19,0,1,0,0,0
914,907,30.83,13.24,12.83,0,0,0,0,0
915,160,43.33,66.85499999999999,95.33,3,1,0,0,0
917,851,67.5,99.99915923566878,100.0,3,1,1,50166,0
917,509,25.83,20.171249999999997,19.92,0,1,1,11672,0
918,151,66.67,92.88549382716049,88.67,2,1,0,0,0
918,225,41.67,57.928125,53.67,1,1,0,0,1
919,941,54.5,99.742,100.0,2,1,1,45759,1
919,343,32.02,56.60681818181818,62.46,1,1,1,29818,1
919,572,42.17,29.889666666666667,40.99,1,1,1,25193,0
919,27,24.17,6.847083333333337,6.17,0,1,0,0,0
921,499,55.0,99.99915923566878,100.0,3,1,1,61527,0
921,592,33.33,35.60416666666667,31.3,1,1,1,22762,0
923,661,48.33,84.05257142857143,49.03,1,1,1,30567,0
924,279,63.17,93.39131147540984,100.0,3,1,1,41432,0
925,945,41.67,84.56714285714288,75.76,1,1,1,40264,1
926,91,18.69,1.0724444444444443,0.69,0,0,0,0,0
927,552,56.67,47.43179487179487,38.67,0,0,0,0,0
927,282,33.33,18.976907630522078,15.33,0,0,0,0,0
928,426,60.0,100.0,100.0,3,1,1,46456,1
928,94,51.67,85.02141025641026,82.86,1,1,1,31973,1
928,27,56.33,80.81643274853802,98.69,2,1,1,35324,0
928,839,28.33,9.6915,10.33,0,0,0,0,0
930,592,56.19,99.99915923566878,100.0,3,1,1,52699,0
930,350,49.17,86.59043478260871,93.02,2,1,1,39575,0
930,639,30.83,84.55153846153846,88.65,2,1,1,45187,1
931,48,37.5,94.92777777777776,85.29,2,1,1,50827,0
931,475,37.5,84.56714285714288,93.24,2,1,1,39243,1
932,675,62.5,93.91225,100.0,2,1,1,44374,0
932,397,39.17,53.011842105263156,51.17,1,1,0,0,1
932,511,30.0,46.19681818181819,42.0,1,0,0,0,1
934,802,30.0,16.633636363636363,12.0,0,0,0,0,0
935,270,55.83,99.99915923566878,100.0,3,1,1,64891,0
935,273,59.17,93.39131147540984,100.0,2,1,1,40577,0
936,158,38.33,38.5212,37.95,1,1,1,27500,0
937,156,68.33,99.99915923566878,100.0,3,1,1,60666,0
937,681,36.67,55.024576271186454,58.67,2,0,0,0,0
937,258,32.5,13.24,14.5,0,0,0,0,0
937,881,21.67,4.477469879518073,3.67,0,0,0,0,0
938,275,59.17,99.99915923566878,100.0,3,1,1,49423,0
939,616,45.0,86.59043478260871,89.03,2,1,1,40072,0
939,130,47.33,86.40945945945946,100.0,3,1,1,44327,0
939,414,55.0,82.2016993464052,100.0,2,1,1,35224,1
939,983,37.5,18.976907630522078,19.5,0,0,0,0,0
940,651,54.0,91.30000000000001,98.23,2,1,1,40668,0
940,30,68.33,78.17341463414634,65.9,1,1,1,21634,0
940,909,44.17,74.05384615384615,86.8,2,1,1,36077,0
940,114,41.67,25.985276381909557,23.67,0,1,0,0,0
941,455,36.67,90.5205,71.9,1,1,1,43511,1
941,38,76.67,84.63291666666667,79.75,1,1,1,37363,0
941,313,43.33,66.85499999999999,65.33,2,1,0,0,0
942,110,40.5,25.985276381909557,22.5,0,1,0,0,0
943,508,52.5,99.99915923566878,100.0,2,1,1,48323,1
944,314,64.17,99.99915923566878,100.0,3,1,1,50351,1
944,486,57.5,99.74545454545455,100.0,3,1,1,46982,0
944,160,20.0,1.0724444444444443,2.0,0,1,0,0,0
945,608,46.19,33.733177083333324,28.19,0,1,0,0,0
946,96,62.5,92.88549382716049,100.0,3,0,0,0,0
947,844,83.33,99.99915923566878,100.0,3,1,1,64276,0
947,339,40.36,94.67185185185184,98.19,2,1,1,45222,1
947,22,37.5,18.976907630522078,19.5,0,0,0,0,0
948,251,12.5,0.0076363636363636364,0.0,0,0,0,0,0
949,299,58.33,82.2016993464052,70.33,1,1,0,0,1
949,136,43.33,77.09447368421054,73.37,1,1,1,28677,1
949,152,43.33,33.733177083333324,25.33,0,1,0,0,0
952,420,45.0,99.36695652173913,80.19,1,1,1,43394,1
952,101,44.17,97.89433333333334,100.0,3,1,1,54115,0
952,555,39.67,19.45357142857143,21.67,0,0,0,0,0
953,409,54.17,91.7340909090909,88.17,2,1,0,0,1
953,258,40.83,63.35999999999999,62.83,2,0,0,0,0
954,563,65.0,100.0,100.0,3,1,1,45606,1
954,744,46.67,33.733177083333324,28.67,0,0,0,0,0
955,82,42.5,25.985276381909557,64.5,2,1,0,0,0
955,423,30.83,16.633636363636363,12.83,0,0,0,0,0
957,693,42.5,77.50125,100.0,3,1,1,45599,0
957,372,39.83,76.90025641025639,84.07,2,1,1,40672,0
958,341,67.17,93.91225,100.0,3,1,1,45438,0
958,932,33.33,33.0190625,31.8,1,1,1,24191,0
958,851,40.83,25.985276381909557,22.83,0,0,0,0,0
959,1017,29.17,42.84162162162163,41.17,1,1,0,0,1
960,436,42.5,25.985276381909557,24.5,0,0,0,0,0
961,223,67.17,92.88549382716049,100.0,3,0,0,0,0
961,187,33.33,18.976907630522078,15.33,0,0,0,0,0
962,245,49.17,96.72952380952381,94.72,2,1,1,44429,0
962,822,67.5,83.328,79.5,1,0,0,0,1
964,1014,15.0,20.171249999999997,8.55,0,1,1,10157,0
964,169,34.17,18.976907630522078,16.17,0,1,0,0,0
965,672,42.5,53.011842105263156,100.0,3,0,0,0,1
966,431,40.83,25.985276381909557,22.83,0,1,0,0,0
968,790,40.36,65.7075806451613,52.36,1,1,0,0,1
969,251,18.33,1.0724444444444443,0.33,0,0,0,0,0
970,521,46.5,75.64000000000001,80.5,2,1,0,0,1
970,721,33.33,51.135666666666665,45.33,1,0,0,0,1
971,1011,56.67,80.81643274853802,78.67,2,1,0,0,0
973,986,50.83,99.63678571428572,100.0,3,1,1,51357,0
973,434,38.33,25.985276381909557,20.33,0,0,0,0,0
974,882,49.17,72.826,61.17,1,0,0,0,1
974,713,31.5,16.633636363636363,13.5,0,0,0,0,0
976,717,44.05,33.733177083333324,26.05,0,1,0,0,0
976,1004,27.5,9.6915,9.5,0,0,0,0,0
977,97,43.33,61.362022471910095,55.33,1,0,0,0,1
977,521,52.33,54.88390410958904,51.0,1,1,1,24770,0
978,796,59.5,82.2016993464052,71.5,1,0,0,0,1
979,502,50.36,54.88390410958904,32.36,0,1,0,0,0
980,651,45.0,86.59043478260871,49.43,1,1,1,41235,0
981,147,61.67,92.88549382716049,100.0,2,1,1,33942,1
981,665,33.33,18.976907630522078,15.33,0,1,0,0,0
982,422,55.0,82.2016993464052,86.17,1,1,1,31910,1
983,605,32.5,16.633636363636363,14.5,0,1,0,0,0
984,188,50.83,74.38472222222224,84.83,2,0,0,0,1
985,567,46.67,92.56652173913042,100.0,2,1,1,37649,1
985,809,35.5,36.47863636363636,57.5,2,0,0,0,0
985,228,43.67,36.20358974358974,25.67,0,0,0,0,0
986,340,48.33,93.91225,53.76,1,1,1,44089,0
986,244,39.17,38.5212,39.43,1,1,1,29305,0
987,254,37.5,55.024576271186454,37.73,1,1,1,29218,0
988,612,43.33,56.649,95.33,3,0,0,0,0
988,257,36.5,19.45357142857143,18.5,0,0,0,0,0
989,760,42.5,94.92777777777776,100.0,3,1,1,51665,0
989,356,40.36,38.5212,36.69,1,1,1,18095,0
990,464,36.19,18.976907630522078,18.19,0,0,0,0,0
991,195,34.17,57.928125,46.17,1,1,0,0,1
991,482,32.5,16.633636363636363,14.5,0,0,0,0,0
992,581,21.67,20.171249999999997,14.67,0,1,1,8570,0
993,285,62.5,98.85,100.0,3,1,1,44264,0
993,497,51.19,80.40319148936172,85.19,2,0,0,0,1
993,681,23.89,20.171249999999997,21.99,1,1,1,23149,0
994,64,42.02,78.37366666666667,74.57,1,1,1,35846,1
995,801,43.33,100.0,100.0,3,1,1,49619,1
996,523,55.0,98.95521739130434,100.0,3,1,1,40062,1
996,768,46.67,68.59018518518518,80.67,2,1,0,0,1
997,198,49.17,54.88390410958904,71.17,2,1,0,0,0
998,537,42.33,25.985276381909557,24.33,0,0,0,0,0
1001,193,52.02,85.02141025641026,86.02,2,1,0,0,1
1001,178,57.33,80.81643274853802,100.0,3,1,0,0,0
1001,63,40.0,65.7075806451613,100.0,3,0,0,0,1
1002,956,51.67,97.64866666666667,86.18,1,1,1,41464,1
1002,304,36.67,18.976907630522078,18.67,0,0,0,0,0
1002,700,36.67,18.976907630522078,18.67,0,0,0,0,0
1003,107,57.5,99.99915923566878,100.0,2,1,1,47921,0
1003,525,68.33,93.91225,100.0,2,1,1,44940,0
1004,268,39.17,78.37366666666667,94.22,2,1,1,37279,1
1005,685,64.17,92.88549382716049,76.17,1,0,0,0,1
1006,607,62.5,99.99915923566878,100.0,2,1,1,48217,1
1006,17,58.33,82.2016993464052,100.0,3,1,0,0,1
1006,239,50.36,44.21032786885246,32.36,0,0,0,0,0
1006,627,31.67,13.24,13.67,0,0,0,0,0
1007,819,54.17,93.17649999999999,100.0,2,1,1,36727,1
1007,358,59.17,82.2016993464052,88.71,1,1,1,27257,1
1007,549,43.33,61.362022471910095,77.33,2,1,0,0,1
1008,932,30.0,29.422500000000007,29.91,1,1,1,28321,0
1008,909,33.33,18.976907630522078,55.33,2,0,0,0,0
1009,696,33.83,18.976907630522078,15.83,0,0,0,0,0
1009,77,30.0,16.633636363636363,12.0,0,1,0,0,0
1010,126,42.5,65.7075806451613,54.5,1,0,0,0,1
1011,33,33.33,51.11882352941177,64.09,1,1,1,30754,1
1012,79,60.83,99.99915923566878,100.0,3,1,1,49118,0
1012,78,62.5,99.99915923566878,100.0,3,1,1,53101,0
1012,1002,20.83,1.0724444444444443,2.83,0,0,0,0,0
1013,282,27.5,9.6915,9.5,0,0,0,0,0
